"Occurrence","AnnualRainfall","RainfallSeasonality","TempSeasonality","MaxTemp","Isothermality","Watering","PlantMaterialOrigin","Area","Slope"
0,-0.256059475,-0.056270686,0.866242705,1.425048038,-0.793809048,"Irrigated","Vivero",0.024649164,-0.582271369402088
0,-0.464133324,-0.107861411,0.865377986,1.685683457,-0.793809048,"Irrigated","Vivero",0.130969244,-1.27257296047488
0,-0.336350157,-0.108951214,0.856590255,1.514119275,-0.793809048,"Irrigated","Vivero",3.137193874,-1.10239683332915
1,-1.010940536,0.033101722,0.516311737,1.623216934,-0.793809048,"Irrigated","Estaca",0.555274148,-0.202278220586009
0,-1.010940536,0.033101722,0.516311737,1.623216934,-0.793809048,"Irrigated","Estaca",0.587950502,0.111755106382516
1,-0.708369338,-0.118347347,0.503765908,1.56001765,-0.793809048,"Irrigated","Vivero",1.176612593,-1.10682912578675
1,-0.748492924,-0.043721373,0.429398798,1.467162416,-0.793809048,"Irrigated","Vivero",13.0278875,-0.568296145039542
1,-1.127334464,-0.001092706,0.284220769,1.520047833,-0.364542117,"Irrigated","Vivero",0.052936158,-1.34644836456701
0,-0.927466471,0.085182738,0.397347727,1.59192982,1.41930283,"Irrigated","Vivero",0.166571839,-0.648776685207692
0,-0.788811993,0.125189621,0.503696363,1.56001765,1.229446041,"Irrigated","Estaca",0.920956696,-0.635509226297263
1,-0.788811993,0.125189621,0.503696363,1.56001765,1.229446041,"Irrigated","Estaca",0.331709357,-0.371402466111034
1,-1.158492702,-0.029892853,0.256710225,1.56001765,0.370853833,"Irrigated","Vivero",-0.205548439,-1.33277324771247
1,-1.03229214,0.033101722,0.333578465,1.582455619,0.229657555,"Irrigated","Vivero",-0.164581069,-1.24016940038153
0,-1.158492702,-0.029892853,0.256710225,1.56001765,0.370853833,"Irrigated","Estaca",-0.342106339,-1.56166303057431
0,-0.812444173,0.09674139,0.432786495,1.423471103,-0.793809048,"Rainfed","Estaca",-0.166531896,0.755674663497652
0,-0.788811993,0.125189621,0.503696363,1.56001765,1.229446041,"Irrigated","Vivero",0.158475906,-0.72237117936865
0,-1.147288486,0.261727268,-1.184971168,-0.5376835,1.41930283,"Irrigated","Estaca",-0.33430303,1.77511104176922
0,-0.446996526,0.055772238,-0.766080575,-0.784513702,1.41930283,"Rainfed","Estaca",-0.335278444,1.82059655374633
0,-0.345531745,0.113180578,-0.506514127,-0.513529128,1.41930283,"Irrigated","Vivero",0.769865134,-0.444890868728799
0,-0.446996526,0.055772238,-0.766080575,-0.784513702,1.41930283,"Rainfed","Estaca",-0.335278444,0.774382215654549
0,-1.443694558,0.287147765,-1.367031112,-0.454922128,1.41930283,"Rainfed","Vivero",-0.243589568,0.285647605260583
0,-0.223367304,-0.011981896,-0.667336847,-0.977384474,1.41930283,"Rainfed","Estaca",-0.341130925,2.01307091596215
0,-0.90677578,0.174513009,-0.979311292,-0.493054087,1.41930283,"Irrigated","Estaca",-0.229933778,-0.135708293483498
0,-1.443694558,0.287147765,-1.367031112,-0.454922128,1.41930283,"Rainfed","Vivero",-0.343081753,1.54458350302509
0,0.490035603,-0.188699412,-0.386509774,-1.54744876,1.41930283,"Rainfed","Estaca",-0.224081297,1.04555121891955
0,1.964482441,-0.419957153,-0.047663937,-2.774446847,1.41930283,"Rainfed","Estaca",-0.298212728,1.23720287197924
0,1.900128837,-0.26606013,-0.08188513,-2.744737089,1.41930283,"Rainfed","Estaca",-0.287483179,1.06504822917134
0,1.21844135,0.852959059,0.213769569,0.415545813,-0.793809048,"Rainfed","Estaca",-0.28397169,1.34365095343908
0,1.21844135,0.852959059,0.213769569,0.415545813,-0.793809048,"Rainfed","Vivero",-0.289434006,0.833715910016077
0,0.3549256,1.173114681,-0.619597214,0.509833088,-0.793809048,"Rainfed","Estaca",-0.335863692,0.81804085063699
0,0.598555357,1.021579899,-0.33475755,0.386700459,-0.793809048,"Rainfed","Estaca",-0.290116796,0.286570446775781
0,0.843183607,0.947603908,-0.149138939,0.059645309,1.07894379,"Rainfed","Estaca",0.253871354,0.592574206809593
0,0.843183607,0.947603908,-0.149138939,0.059645309,1.07894379,"Rainfed","Estaca",-0.303089796,1.1482232801731
0,0.843183607,0.947603908,-0.149138939,0.059645309,1.07894379,"Rainfed","Estaca",-0.149949865,0.870991216507907
0,0.399376284,0.948419171,-0.524382473,0.305783587,-0.793809048,"Rainfed","Estaca",0.183641577,0.167746139919214
0,0.751774585,0.803590705,-0.259783733,0.26884501,-0.793809048,"Rainfed","Estaca",-0.110933322,1.70092204681575
0,0.560629795,1.120265879,-0.264633827,0.367511705,-0.481260549,"Irrigated","Estaca",0.572831592,0.756213774695378
0,0.399376284,0.948419171,-0.524382473,0.305783587,-0.793809048,"Rainfed","Estaca",0.0344033,1.02882431690252
0,0.560629795,1.120265879,-0.264633827,0.367511705,-0.481260549,"Irrigated","Estaca",-0.105080841,-0.0866232109533033
1,0.731784355,1.085205603,-0.396977551,0.30691185,-0.793809048,"Rainfed","Estaca",-0.323573481,-0.186391148591226
1,0.759750895,1.121551919,-0.419044774,0.109209086,-0.793809048,"Rainfed","Estaca",-0.159704001,0.00474220468460016
1,0.421804272,1.176229454,-0.493127341,0.581090446,-0.793809048,"Rainfed","Vivero",0.006116306,1.51626823446502
0,0.560629795,1.120265879,-0.264633827,0.367511705,-0.481260549,"Irrigated","Estaca",0.071469016,1.03131947584879
1,0.560629795,1.120265879,-0.264633827,0.367511705,-0.481260549,"Irrigated","Estaca",-0.298212728,0.252857475966533
0,0.560629795,1.120265879,-0.264633827,0.367511705,-0.481260549,"Irrigated","Estaca",-0.299188142,0.389963379064585
0,1.496560608,0.812611166,-0.019628483,-0.200716262,-0.793809048,"Rainfed","Estaca",-0.299188142,-0.927836782711175
0,0.404149716,1.216641643,-0.550047656,0.385821334,-0.793809048,"Rainfed","Estaca",-0.296261901,0.579582570180719
0,0.404149716,1.216641643,-0.550047656,0.385821334,-0.793809048,"Rainfed","Estaca",-0.301138969,0.260191010402579
0,0.404149716,1.216641643,-0.550047656,0.385821334,-0.793809048,"Rainfed","Estaca",-0.296261901,0.867746954441633
0,0.404149716,1.216641643,-0.550047656,0.385821334,-0.793809048,"Rainfed","Estaca",-0.325524308,1.68027013356303
0,0.404149716,1.216641643,-0.550047656,0.385821334,-0.793809048,"Rainfed","Estaca",-0.281435615,0.73748522163875
0,0.404149716,1.216641643,-0.550047656,0.385821334,-0.793809048,"Rainfed","Estaca",-0.272851975,0.565733373019792
0,0.404149716,1.216641643,-0.550047656,0.385821334,-0.793809048,"Rainfed","Estaca",-0.328450549,0.997666890910367
0,0.598555357,1.021579899,-0.33475755,0.386700459,-0.793809048,"Rainfed","Estaca",0.72792235,2.14952380570279
1,0.230324965,0.598587684,-0.842373948,-1.016086552,1.41930283,"Irrigated","Vivero",0.649889264,0.950262648801587
0,1.219474971,0.490207896,-0.57056778,-1.656657719,1.41930283,"Rainfed","Vivero",-0.277729043,-1.59095891049422
0,0.875952948,0.485077619,-0.571512594,-1.431994977,1.41930283,"Rainfed","Vivero",-0.323573481,0.0766023999686254
1,1.369886814,0.707986508,-0.665828663,-1.64874358,1.41930283,"Irrigated","Estaca",-0.206523852,3.19151790243264
0,0.988133084,0.490362426,-0.816255274,-1.653849997,1.41930283,"Irrigated","Estaca",-0.172384377,1.80182471707772
0,0.451341566,0.718978361,-0.891809064,-1.09715737,1.41930283,"Irrigated","Estaca",-0.154729392,-0.741942600245946
0,1.127521847,0.490493781,-0.589269601,-1.643623485,1.41930283,"Rainfed","Estaca",-0.255294531,0.321083600560464
0,1.340877522,0.312241647,-0.567219594,-1.906081117,1.41930283,"Rainfed","Vivero",0.014895029,-0.543027277346168
0,0.247634507,0.718978361,-0.962461937,-1.099690267,1.41930283,"Rainfed","Vivero",-0.171408964,-0.985350122872263
0,1.023603917,0.490352815,-0.693170084,-1.519189992,1.41930283,"Rainfed","Estaca",-0.320061992,-0.608302187389618
0,0.721974048,0.714913695,-0.618559923,-1.094849756,1.41930283,"Rainfed","Vivero",-0.263683088,0.560847035913267
0,0.712947155,0.491026253,-0.783141295,-1.393239226,1.41930283,"Rainfed","Estaca",0.011968788,-0.195639443370962
0,0.643469928,0.573724079,-0.772308813,-1.369848669,1.41930283,"Rainfed","Vivero",-0.062162644,-0.468500816553418
0,0.056998,0.49663034,-0.561190122,-0.522210123,1.41930283,"Rainfed","Estaca",5.439169905,-0.395216118496251
0,0.452343287,0.494123094,-1.043844199,-1.407391606,1.41930283,"Rainfed","Vivero",-0.259196185,-0.192234463698144
0,0.832911072,0.935584581,-1.336887336,-1.803656228,1.41930283,"Irrigated","Vivero",-0.101179187,2.06331122305266
0,-0.304766981,1.062307175,-1.169911332,-0.608789374,1.41930283,"Rainfed","Estaca",-0.319671827,-1.41375872926793
0,-0.304766981,1.062307175,-1.169911332,-0.608789374,1.41930283,"Rainfed","Estaca",-0.325524308,2.06996813752235
1,0.317238634,0.494960066,-0.64832316,-0.912887967,1.41930283,"Irrigated","Vivero",0.136919266,-0.756896697744977
0,0.956697757,0.507397673,-0.686954198,-1.364974258,1.41930283,"Rainfed","Estaca",-0.29333566,0.694912080147157
1,0.574461703,0.390502062,-0.667739596,-1.157921619,1.41930283,"Rainfed","Vivero",-0.284556938,0.321636085966908
0,0.574461703,0.390502062,-0.667739596,-1.157921619,1.41930283,"Rainfed","Estaca",-0.213351747,0.644290321682075
0,1.02013668,0.327129514,-0.492091642,-1.499161541,1.41930283,"Irrigated","Estaca",0.312396168,-0.980679195481799
0,2.669584642,0.288186107,-0.303970095,-2.699552101,1.41930283,"Rainfed","Vivero",1.090776199,0.241728166808627
1,0.461851329,0.385414442,-0.480966068,-1.025440553,1.41930283,"Irrigated","Vivero",4.892938304,0.402122128370182
0,0.840082065,0.49869938,-0.662498323,-1.137385605,1.41930283,"Rainfed","Vivero",0.95714454,1.75436909758401
0,0.574922766,0.633691845,-0.665806404,-1.13902486,1.41930283,"Rainfed","Estaca",-0.058260989,0.777950431523881
0,0.956697757,0.507397673,-0.686954198,-1.364974258,1.41930283,"Rainfed","Estaca",-0.285532352,-0.804570598703758
0,1.023603917,0.490352815,-0.693170084,-1.519189992,1.41930283,"Rainfed","Estaca",0.030501646,0.822299533940207
0,1.271885913,0.490352815,-0.569381282,-1.766305319,1.41930283,"Rainfed","Estaca",-0.267194577,-0.875553555209902
0,0.721974048,0.714913695,-0.618559923,-1.094849756,1.41930283,"Rainfed","Vivero",-0.083036494,0.53994697519263
1,0.501185675,0.490352815,-0.806783445,-1.246519417,1.41930283,"Rainfed","Vivero",-0.060211817,0.309071793814035
1,0.597073135,0.261727268,-0.433953828,-1.137038466,1.41930283,"Irrigated","Vivero",0.019772096,0.536381164830534
1,1.067395185,0.261727268,-0.424833591,-1.508490223,1.41930283,"Irrigated","Vivero",-0.152876106,-1.47084622586601
1,-1.041591289,0.053935591,-0.04932153,1.187286053,1.41930283,"Irrigated","Vivero",-0.22213047,-1.38774924753036
0,-0.78803408,0.033101722,-0.136004643,0.525620601,1.41930283,"Irrigated","Vivero",-0.08849881,-1.48273290267593
1,-0.925161326,0.217871824,-0.316710683,0.480871562,1.41930283,"Irrigated","Vivero",-0.248466636,-1.30423767097549
0,-1.21782079,-0.340121179,-1.219223894,-1.325365202,1.41930283,"Irrigated","Vivero",-0.329425963,0.760922616970198
0,-0.787960045,-0.598645218,-0.865904117,-1.582439913,1.41930283,"Irrigated","Estaca",-0.340155512,2.46548336869145
0,-2.192304605,1.198198572,-3.375827635,-1.788883664,1.41930283,"Rainfed","Estaca",-0.316745586,0.567810257357499
0,0.560922896,0.490352815,-0.941734404,-1.703190244,1.41930283,"Irrigated","Estaca",1.099554921,-0.668915791874426
0,0.434899328,0.490352815,-0.735511333,-1.33643348,1.41930283,"Irrigated","Estaca",-0.23578626,0.395297958729103
0,0.875456447,0.417132249,-0.555305358,-1.622930226,1.41930283,"Rainfed","Vivero",0.748406035,0.248065421445808
0,0.780595641,0.485496082,-0.640699626,-1.617901562,1.41930283,"Rainfed","Vivero",-0.160679415,0.877676843312501
0,0.257978197,0.477973912,-0.874658799,-1.294612593,1.41930283,"Rainfed","Estaca",-0.284556938,0.858402491907236
0,0.257978197,0.477973912,-0.874658799,-1.294612593,1.41930283,"Rainfed","Estaca",-0.296261901,-0.60900930651663
0,0.257978197,0.477973912,-0.874658799,-1.294612593,1.41930283,"Rainfed","Estaca",-0.107031668,0.416944904638728
0,0.013800343,0.371172684,-0.958549737,-1.109311916,1.41930283,"Rainfed","Estaca",0.031477059,0.96912790087805
0,0.013800343,0.371172684,-0.958549737,-1.109311916,1.41930283,"Rainfed","Estaca",-0.295286488,-0.697446014434262
0,0.111835445,0.483304957,-0.646543309,-0.992838336,1.41930283,"Rainfed","Estaca",-0.113859563,0.503902585187519
1,0.398194865,0.482254777,-0.720121432,-1.331240676,1.41930283,"Irrigated","Vivero",3.402506366,0.115725871557259
1,-1.233669668,0.12365858,0.102321628,1.345404712,-0.793809048,"Irrigated","Vivero",0.123165935,-1.08682245644155
0,-0.841335069,0.033101722,0.511746315,1.514705765,-0.793809048,"Irrigated","Vivero",0.21192857,-0.538633392878276
1,-1.443926541,0.23778835,-0.019375205,1.183430995,-0.793809048,"Irrigated","Estaca",-0.248466636,-0.607487650928839
1,-1.233669668,0.12365858,0.102321628,1.345404712,-0.793809048,"Irrigated","Vivero",0.127067589,-1.10367745720612
0,-1.033953158,0.156529537,0.277139924,1.394675112,-0.793809048,"Irrigated","Estaca",3.537113439,-1.40213185573871
0,-0.8321532,-0.022759963,0.341701407,1.280324163,-0.793809048,"Irrigated","Estaca",2.449527305,0.108803236543413
0,-0.966565936,0.032167138,0.338284147,1.365007442,-0.793809048,"Irrigated","Estaca",-0.271876562,-0.402772084694131
0,-0.966565936,0.032167138,0.338284147,1.365007442,-0.793809048,"Irrigated","Estaca",1.919877736,0.207523156914395
0,-0.628958251,0.047339031,0.354853364,0.980286503,0.742976791,"Irrigated","Vivero",1.026398903,0.555638553396702
0,-1.070460485,0.163971571,0.197222018,1.221488157,0.473020588,"Rainfed","Vivero",-0.332352203,-1.11532632131075
0,-0.719344579,-0.015621175,0.32913167,1.113326332,0.366026809,"Rainfed","Vivero",0.470413167,0.687708411205936
1,-0.780430293,0.187902503,0.334783624,1.102872385,1.112769071,"Rainfed","Vivero",0.247043459,0.404660499630324
1,0.245892324,-0.233699026,1.284448543,1.367863826,-0.793809048,"Irrigated","Vivero",-0.29333566,-0.120310546852697
1,0.440070385,-0.227423604,1.328054453,1.230721387,-0.793809048,"Irrigated","Vivero",-0.001687002,-0.0356710135123712
1,0.59625118,-0.30925603,1.344191374,1.003147299,-0.793809048,"Rainfed","Vivero",-0.125564526,-0.652843043836693
0,0.322546679,-0.195523825,1.272084097,1.271241387,-0.793809048,"Rainfed","Estaca",-0.300163555,-0.0803133689176349
0,0.437925291,-0.409245046,1.280719221,1.007436571,-0.793809048,"Rainfed","Estaca",-0.245540395,1.36180234610951
0,0.228568581,-0.138151428,1.186766453,1.346249235,-0.793809048,"Rainfed","Estaca",-0.287483179,1.73050515474539
0,0.464810314,0.224966241,-0.377940823,-0.90165687,1.41930283,"Irrigated","Estaca",7.178332305,-0.567505116399375
0,0.402828119,0.261727268,-0.290687088,-0.69856252,1.41930283,"Irrigated","Estaca",0.787422578,-1.16634546440881
0,-0.734492174,0.020510507,0.611123676,1.687651996,-0.793809048,"Rainfed","Estaca",-0.315770173,-1.06820857051587
1,-0.460052424,-0.096750431,0.659918039,1.344960784,0.279006045,"Rainfed","Estaca",-0.29333566,0.246101024125623
0,-0.734492174,0.020510507,0.611123676,1.687651996,-0.793809048,"Rainfed","Estaca",-0.296261901,-0.676207559338521
0,-0.734492174,0.020510507,0.611123676,1.687651996,-0.793809048,"Rainfed","Estaca",-0.247491222,-1.0104435489749
0,0.803721042,-0.482454124,1.396346552,0.655363359,-0.793809048,"Rainfed","Estaca",-0.278704457,0.847971892834249
0,0.511641755,-0.395226948,1.435568394,1.066287375,-1.424027635,"Rainfed","Estaca",-0.280655284,-1.16921723063248
0,0.669953264,-0.554582328,1.483298104,0.802971725,-0.793809048,"Rainfed","Vivero",-0.176676197,0.0553853190636127
0,0.889159144,-0.652774918,1.393504219,0.473304597,-0.793809048,"Rainfed","Vivero",-0.324548895,0.746067708365992
0,0.889159144,-0.652774918,1.393504219,0.473304597,-0.793809048,"Rainfed","Estaca",-0.331864496,0.877928534877756
0,0.889159144,-0.652774918,1.393504219,0.473304597,-0.793809048,"Rainfed","Estaca",-0.334790737,0.141403963115124
0,0.635649137,-0.368614129,1.415010976,0.905922579,-1.176762425,"Rainfed","Estaca",-0.139220316,-0.0440509148335709
0,-0.787720889,-0.235134519,-0.844468799,-0.963624895,1.41930283,"Irrigated","Estaca",-0.335278444,2.01685523148656
1,-1.890115922,0.694581725,-0.812980246,0.254391569,1.41930283,"Irrigated","Estaca",-0.322598068,-1.3305726510689
1,-1.593746547,0.490352815,-0.675919496,0.34697779,1.41930283,"Irrigated","Vivero",-0.319671827,-1.59621895448258
1,-1.740680717,0.52052746,-0.806290816,0.287196729,1.41930283,"Irrigated","Estaca",-0.251197794,-1.21960987459957
0,-1.740680717,0.52052746,-0.806290816,0.287196729,1.41930283,"Irrigated","Estaca",-0.316745586,-1.06439585310244
0,-1.586408491,0.490352815,-0.628198335,0.350799213,1.41930283,"Irrigated","Estaca",-0.332352203,-1.01453657432299
0,-1.54881326,0.561748196,-0.686431842,0.39976444,1.41930283,"Irrigated","Estaca",-0.25236829,-1.02391428555425
1,-1.890115922,0.694581725,-0.812980246,0.254391569,1.41930283,"Irrigated","Estaca",-0.298212728,-1.19924355989865
0,-0.977019954,0.40034034,-0.57164464,0.161550216,1.41930283,"Rainfed","Estaca",-0.236761673,-0.715319201856375
0,-0.733841595,0.310451001,-0.439796024,0.084135193,1.41930283,"Rainfed","Estaca",-0.23578626,-0.0792298851572793
0,-0.977019954,0.40034034,-0.57164464,0.161550216,1.41930283,"Rainfed","Estaca",-0.247491222,-1.2159877044498
0,-0.606975866,0.28205644,-0.482596555,-0.065938938,1.41930283,"Rainfed","Estaca",-0.322598068,-0.703476953545303
0,-0.677571022,0.443838176,-0.368088025,0.132833858,1.41930283,"Rainfed","Vivero",-0.301138969,-1.32447044340635
0,-0.678054981,0.282605702,-0.406403239,0.158204019,1.41930283,"Rainfed","Vivero",-0.278704457,-1.37969853581043
0,-0.678054981,0.282605702,-0.406403239,0.158204019,1.41930283,"Rainfed","Estaca",-0.234810846,-1.32534635815942
0,-0.677571022,0.443838176,-0.368088025,0.132833858,1.41930283,"Rainfed","Estaca",-0.302114383,-1.60609207559923
0,-0.977019954,0.40034034,-0.57164464,0.161550216,1.41930283,"Rainfed","Estaca",-0.301138969,-1.41685746517015
0,-1.33028187,0.518010359,-0.677003089,0.161550216,1.41930283,"Irrigated","Estaca",-0.190917235,-0.476178091858455
1,-1.750080929,0.529687562,-0.847123231,0.161550216,1.41930283,"Irrigated","Vivero",1.166858458,-1.24060151842681
1,-1.750080929,0.529687562,-0.847123231,0.161550216,1.41930283,"Irrigated","Vivero",0.013919615,-1.3105522902903
0,-1.291147729,0.490352815,-0.558494873,0.273990433,1.41930283,"Rainfed","Vivero",-0.27675363,-1.18518530738681
0,-1.106318679,0.490352815,-0.477254768,0.30139696,1.41930283,"Rainfed","Vivero",-0.283581525,-1.60609207559923
0,-1.273493244,0.490352815,-0.60372438,0.300391325,1.41930283,"Rainfed","Vivero",-0.03387565,-0.629738560748657
0,-1.099059903,0.490352815,-0.555519717,0.30139696,1.41930283,"Rainfed","Estaca",-0.255294531,-0.56927890989232
0,-1.148819431,0.531440925,-0.710797501,0.148855859,1.41930283,"Rainfed","Vivero",-0.215302575,-0.122707557555582
0,-1.506995563,0.496169405,-0.666490685,0.161550216,1.41930283,"Irrigated","Estaca",-0.295286488,-0.332258760714191
0,-1.289600857,0.677539375,-0.756731643,0.102434272,1.41930283,"Rainfed","Vivero",0.073419843,-1.11048391994043
0,-1.289600857,0.677539375,-0.756731643,0.102434272,1.41930283,"Irrigated","Vivero",-0.147023624,-0.0914690271351642
0,0.250227999,-1.357273,0.431773856,-1.494345724,-0.793809048,"Irrigated","Vivero",-0.268950321,-1.19213399659994
0,0.062016471,-1.338651558,0.518840781,-1.109311783,-0.793809048,"Irrigated","Estaca",-0.306016037,-0.0190865538120402
0,-0.707666829,-0.069213196,0.705661362,1.714542202,-0.793809048,"Rainfed","Estaca",-0.216277988,0.0125600820819755
0,0.586674078,-0.229802764,1.29722985,1.073863429,-0.793809048,"Rainfed","Estaca",0.988357774,0.335896780820812
0,0.586674078,-0.229802764,1.29722985,1.073863429,-0.793809048,"Rainfed","Estaca",0.045132849,1.04279113586741
1,0.627864691,-0.424149371,1.293629823,0.958199208,-0.793809048,"Rainfed","Vivero",1.69163096,-0.225328872415757
1,0.236123494,-0.123042505,1.0021255,1.098089422,-0.793809048,"Irrigated","Estaca",-0.333327617,0.123145116224478
0,-0.162282866,-0.109991389,0.99261344,1.488638659,-0.793809048,"Rainfed","Estaca",-0.233835432,0.488830560454516
1,0.210718444,-0.060305423,1.121734823,1.334267479,-0.793809048,"Rainfed","Estaca",-0.332742369,-0.404241741634641
0,0.210718444,-0.060305423,1.121734823,1.334267479,-0.793809048,"Rainfed","Estaca",-0.300163555,0.0205603517220414
0,0.805545423,-0.239214463,1.2641487,0.628043637,-0.793809048,"Rainfed","Estaca",-0.216277988,-0.301650168627322
0,0.286642186,-0.117232306,1.100298517,1.104367619,-0.793809048,"Rainfed","Estaca",-0.062162644,-0.83045981156971
0,0.286642186,-0.117232306,1.100298517,1.104367619,-0.793809048,"Rainfed","Estaca",-0.340155512,0.0609674372099925
0,0.236123494,-0.123042505,1.0021255,1.098089422,-0.793809048,"Irrigated","Estaca",-0.342106339,-0.14949120891436
1,0.058590889,-0.195523825,0.932114114,1.151839196,-0.793809048,"Rainfed","Estaca",-0.220179642,-0.161755592122125
0,0.260055448,-0.174596712,1.123277998,1.244882392,-0.793809048,"Rainfed","Estaca",0.055862399,1.43207001337734
0,0.732840907,-0.364484851,1.25244673,0.632641024,-0.793809048,"Rainfed","Vivero",-0.275778216,-1.11132567730958
0,1.003910756,-0.534068647,1.278791179,0.251736256,-0.793809048,"Rainfed","Vivero",-0.141171143,-0.905734186324328
0,1.003910756,-0.534068647,1.278791179,0.251736256,-0.793809048,"Rainfed","Vivero",-0.29040942,-0.0101166168170796
0,0.620772676,-0.24410606,1.203834055,0.793448924,-0.793809048,"Rainfed","Vivero",-0.2387125,-0.707768056104045
0,0.440070385,-0.227423604,1.328054453,1.230721387,-0.793809048,"Rainfed","Vivero",-0.307966864,-0.266576768894314
0,0.440070385,-0.227423604,1.328054453,1.230721387,-0.793809048,"Rainfed","Vivero",-0.306016037,-0.456621340169671
0,0.440070385,-0.227423604,1.328054453,1.230721387,-0.793809048,"Rainfed","Vivero",-0.303089796,1.01020406612202
0,0.440070385,-0.227423604,1.328054453,1.230721387,-0.793809048,"Rainfed","Vivero",-0.309917691,0.774867879241479
0,0.732840907,-0.364484851,1.25244673,0.632641024,-0.793809048,"Rainfed","Vivero",-0.302114383,-0.900914245185898
0,0.210718444,-0.060305423,1.121734823,1.334267479,-0.793809048,"Rainfed","Vivero",-0.308942278,0.227506223865654
0,0.805545423,-0.239214463,1.2641487,0.628043637,-0.793809048,"Rainfed","Vivero",-0.212376334,-0.291258595958453
0,0.210718444,-0.060305423,1.121734823,1.334267479,-0.793809048,"Rainfed","Vivero",-0.333327617,-0.353631801560685
0,0.276682108,-0.271243643,1.153695251,1.311306629,-0.793809048,"Rainfed","Estaca",-0.311868518,-0.123297938908017
0,0.260055448,-0.174596712,1.123277998,1.244882392,-0.793809048,"Rainfed","Estaca",-0.198720544,1.46268999241321
0,0.260055448,-0.174596712,1.123277998,1.244882392,-0.793809048,"Rainfed","Estaca",-0.285532352,1.46670190793986
0,0.260055448,-0.174596712,1.123277998,1.244882392,-0.793809048,"Rainfed","Estaca",-0.240663327,1.27676258453609
0,0.008085432,-0.105405391,1.044646525,1.509581655,-0.793809048,"Rainfed","Estaca",-0.291384833,2.31164740764014
0,0.260055448,-0.174596712,1.123277998,1.244882392,-0.793809048,"Rainfed","Estaca",-0.219204229,1.44298325420524
0,1.271119243,-0.632949261,1.383358815,0.095995989,-0.793809048,"Rainfed","Estaca",-0.245540395,0.626580145848215
1,-0.976326562,-1.867329977,0.326028828,-0.397836757,-0.793809048,"Irrigated","Vivero",-0.195696762,-1.51006097120809
0,-1.146906998,-1.795902651,0.174710565,-0.206113685,-0.793809048,"Irrigated","Estaca",-0.254319117,-0.80607696212632
0,-1.237299807,-1.488106836,0.231053375,0.018827866,-0.793809048,"Irrigated","Estaca",-0.300163555,0.273235391587508
0,-1.060004338,-1.795902651,0.32522311,-0.330890657,-0.793809048,"Irrigated","Estaca",-0.344837497,-0.936619320726478
0,-1.171837085,-1.795902651,0.167418192,-0.361833789,-0.793809048,"Irrigated","Estaca",-0.34074076,-0.685846746752397
0,-0.961569565,-1.878613308,0.429531836,-0.316878403,-0.793809048,"Irrigated","Estaca",-0.308942278,-1.08139320245234
0,-1.237299807,-1.488106836,0.231053375,0.018827866,-0.793809048,"Irrigated","Estaca",-0.284361855,-1.60053844497111
1,-1.176033226,-1.767105539,0.247450272,-0.369764569,-0.793809048,"Irrigated","Vivero",0.188518644,-0.81584616336116
1,-1.176033226,-1.767105539,0.247450272,-0.369764569,-0.793809048,"Irrigated","Vivero",8.716559509,0.855739636929831
1,-0.961569565,-1.878613308,0.429531836,-0.316878403,-0.793809048,"Irrigated","Estaca",-0.274802802,-1.09945962939034
0,-1.378705816,-1.709625488,-0.014488415,-0.292744564,-0.793809048,"Rainfed","Vivero",-0.212181251,-0.671781753869046
0,-1.002024298,-1.941460824,0.380059508,-0.316723155,-0.793809048,"Irrigated","Estaca",-0.332352203,-1.10359479078932
1,-1.573393443,-2.437640899,-0.514754133,-1.263915995,-0.366546217,"Irrigated","Estaca",-0.328450549,0.144597846052401
0,-1.661013599,-2.356267197,-0.522851741,-1.193612725,-0.264147972,"Irrigated","Vivero",-0.326499722,-0.179575148759682
0,-1.521554108,-2.48177929,-0.551503421,-1.510123909,-0.709754255,"Irrigated","Vivero",-0.342106339,-1.34572796197959
0,-1.416633391,-2.583819827,-0.454406076,-1.516610704,0.245572444,"Irrigated","Estaca",-0.275778216,0.0859512866616255
0,-1.416633391,-2.583819827,-0.454406076,-1.516610704,0.245572444,"Irrigated","Estaca",-0.34503258,-1.05306972220742
0,-1.452620208,-2.491746491,-0.458727514,-1.511649739,0.42640903,"Rainfed","Estaca",0.013919615,-1.13949629789307
0,-1.452620208,-2.491746491,-0.458727514,-1.511649739,0.42640903,"Rainfed","Vivero",-0.202622198,0.178472137642898
0,-1.504215585,-2.48177929,-0.555534213,-1.516610704,0.184636759,"Irrigated","Vivero",-0.344057166,-1.51024869660086
0,-1.573393443,-2.437640899,-0.514754133,-1.263915995,-0.366546217,"Irrigated","Estaca",-0.168482723,-0.662601325785924
0,-1.24355358,-2.575111766,-0.40523606,-1.781547118,1.41930283,"Irrigated","Vivero",-0.325524308,-0.735516462731542
0,-1.24355358,-2.575111766,-0.40523606,-1.781547118,1.41930283,"Irrigated","Vivero",-0.32064724,-0.926439115587424
0,-1.573393443,-2.437640899,-0.514754133,-1.263915995,-0.366546217,"Irrigated","Estaca",-0.328450549,-0.500653001535569
0,-1.573393443,-2.437640899,-0.514754133,-1.263915995,-0.366546217,"Irrigated","Estaca",-0.300163555,-1.36607371864643
0,-1.167262371,-2.710404837,-0.265088608,-1.79630419,1.163571658,"Irrigated","Vivero",-0.348934234,-0.593958356075926
0,-1.167262371,-2.710404837,-0.265088608,-1.79630419,1.163571658,"Irrigated","Vivero",-0.34795882,-0.231508027499102
0,-1.237587225,-2.794802943,-0.285917842,-1.701258101,1.41930283,"Irrigated","Vivero",-0.341130925,-1.48045064573109
0,-1.167262371,-2.710404837,-0.265088608,-1.79630419,1.163571658,"Rainfed","Vivero",-0.314794759,-0.880947730446894
0,-1.532752265,-2.384332325,-0.512793696,-1.329648932,0.149484645,"Irrigated","Estaca",-0.349909648,-1.60609207559923
0,-1.573393443,-2.437640899,-0.514754133,-1.263915995,-0.366546217,"Irrigated","Vivero",-0.321622654,0.0298283165630114
1,-1.504215585,-2.48177929,-0.555534213,-1.516610704,0.184636759,"Irrigated","Vivero",-0.338204685,-1.42315427165025
0,-1.549498418,-2.48177929,-0.529954317,-1.384828729,-0.66618194,"Irrigated","Estaca",-0.339180098,-0.409230921976853
1,-1.425536642,-2.642154414,-0.531475301,-1.614709709,1.117852989,"Irrigated","Vivero",-0.340155512,-1.38699124397429
0,-1.573393443,-2.437640899,-0.514754133,-1.263915995,-0.366546217,"Irrigated","Estaca",-0.323573481,-1.25860623677208
0,-1.237587225,-2.794802943,-0.285917842,-1.701258101,1.41930283,"Irrigated","Estaca",-0.344057166,-0.639372024904743
1,-1.661013599,-2.356267197,-0.522851741,-1.193612725,-0.264147972,"Irrigated","Estaca",-0.307966864,0.378372209424701
1,-1.661013599,-2.356267197,-0.522851741,-1.193612725,-0.264147972,"Irrigated","Estaca",-0.34795882,0.279399501438371
1,-1.661013599,-2.356267197,-0.522851741,-1.193612725,-0.264147972,"Irrigated","Vivero",-0.209450093,-0.196283954901416
0,-1.163797355,-2.504151206,-0.360398681,-1.906363466,1.41930283,"Irrigated","Estaca",-0.344057166,-0.745355185069631
0,-1.163797355,-2.504151206,-0.360398681,-1.906363466,1.41930283,"Irrigated","Estaca",-0.349909648,0.241022375341382
0,-1.163797355,-2.504151206,-0.360398681,-1.906363466,1.41930283,"Irrigated","Estaca",-0.346007993,-0.211926390952185
0,-1.24355358,-2.575111766,-0.40523606,-1.781547118,1.41930283,"Irrigated","Estaca",-0.337229271,-0.0149749957751848
0,-1.167262371,-2.710404837,-0.265088608,-1.79630419,1.163571658,"Rainfed","Estaca",-0.344057166,-0.968358060437025
0,-1.237587225,-2.794802943,-0.285917842,-1.701258101,1.41930283,"Irrigated","Estaca",-0.34795882,-0.896390093048078
0,-1.167262371,-2.710404837,-0.265088608,-1.79630419,1.163571658,"Rainfed","Estaca",-0.051433094,-1.42480255620388
0,-1.167262371,-2.710404837,-0.265088608,-1.79630419,1.163571658,"Rainfed","Estaca",-0.342106339,-0.982448813848831
0,-1.167262371,-2.710404837,-0.265088608,-1.79630419,1.163571658,"Rainfed","Estaca",-0.283581525,-1.45071176513878
0,-1.222452312,-2.710404837,-0.348035261,-1.745166683,0.610038179,"Irrigated","Estaca",-0.189941822,-1.38387055924749
0,-1.237587225,-2.794802943,-0.285917842,-1.701258101,1.41930283,"Irrigated","Estaca",-0.326499722,0.239871739510452
1,-1.532752265,-2.384332325,-0.512793696,-1.329648932,0.149484645,"Irrigated","Estaca",-0.346007993,-0.38762652150957
0,-1.24388113,-2.710404837,-0.406023257,-1.881910161,1.41930283,"Irrigated","Estaca",-0.34795882,-1.085122015705
0,-1.24388113,-2.710404837,-0.406023257,-1.881910161,1.41930283,"Irrigated","Estaca",-0.297237315,-0.408519069409181
0,-1.601438945,-2.48177929,-0.570410582,-1.441063111,0.173476303,"Irrigated","Estaca",-0.346983407,-1.22654448266
0,-1.532752265,-2.384332325,-0.512793696,-1.329648932,0.149484645,"Irrigated","Estaca",-0.338204685,-0.357767389321814
0,-1.521554108,-2.48177929,-0.551503421,-1.510123909,-0.709754255,"Irrigated","Estaca",-0.317721,-1.3355481310236
0,-1.521554108,-2.48177929,-0.551503421,-1.510123909,-0.709754255,"Irrigated","Estaca",-0.344057166,-0.930370744776212
0,-1.661013599,-2.356267197,-0.522851741,-1.193612725,-0.264147972,"Irrigated","Estaca",-0.321622654,1.32920246707339
0,-1.710609899,-2.253153744,-0.528686812,-1.19268562,0.719326054,"Irrigated","Estaca",-0.344057166,-0.70727867904072
0,-1.710609899,-2.253153744,-0.528686812,-1.19268562,0.719326054,"Irrigated","Estaca",-0.337229271,-0.350028305104699
0,-1.661013599,-2.356267197,-0.522851741,-1.193612725,-0.264147972,"Irrigated","Estaca",-0.326499722,0.639333005003262
0,-1.661013599,-2.356267197,-0.522851741,-1.193612725,-0.264147972,"Irrigated","Estaca",-0.283581525,-0.533225321175589
0,-1.710609899,-2.253153744,-0.528686812,-1.19268562,0.719326054,"Irrigated","Estaca",-0.336253858,0.0532192749863686
0,-1.710609899,-2.253153744,-0.528686812,-1.19268562,0.719326054,"Irrigated","Estaca",-0.339180098,-0.80101534347558
0,-1.661013599,-2.356267197,-0.522851741,-1.193612725,-0.264147972,"Irrigated","Estaca",-0.244564982,1.77627313719834
0,-1.167262371,-2.710404837,-0.265088608,-1.79630419,1.163571658,"Rainfed","Estaca",-0.335278444,-1.2700250851754
1,-0.73012211,-0.004650586,0.715718917,1.714161448,-0.793809048,"Irrigated","Estaca",-0.336253858,-0.650701669866791
1,-0.053045423,-0.29021624,0.929770713,1.018769909,-0.793809048,"Irrigated","Vivero",-0.025096928,1.25985726531787
0,-0.694993867,-0.034730689,0.753486262,1.699487668,-0.793809048,"Irrigated","Estaca",-0.316745586,-0.892970968573529
1,-0.309402638,-0.190254173,0.912703494,1.364057063,-0.793809048,"Rainfed","Vivero",-0.145072797,-0.103058824602131
1,-0.731173747,-0.005202438,0.74689519,1.733455324,-0.793809048,"Irrigated","Vivero",-0.343081753,-0.57345745632612
1,0.23951125,-0.327968369,1.006915343,0.659794725,-0.793809048,"Irrigated","Estaca",-0.152876106,-0.596942390981669
0,-0.127460695,-0.195523825,0.971979951,1.332536074,-0.793809048,"Rainfed","Estaca",-0.306016037,0.0518707469343997
0,-0.728562281,-0.057041703,0.702752411,1.729432434,-0.793809048,"Rainfed","Vivero",0.019772096,0.862906072466683
0,-0.441027432,-0.195523825,0.860916145,1.56001765,-0.793809048,"Irrigated","Estaca",-0.126539939,-0.277018190358331
0,-0.441027432,-0.195523825,0.860916145,1.56001765,-0.793809048,"Rainfed","Estaca",-0.142146557,1.28728628992132
0,-0.276080871,-0.195523825,0.880190592,1.391558614,-0.793809048,"Rainfed","Estaca",-0.049482267,0.570906041064718
0,-0.389385633,-0.19023174,0.989696832,1.564136942,-0.793809048,"Rainfed","Estaca",-0.162630242,1.44129863736169
0,-0.276080871,-0.195523825,0.880190592,1.391558614,-0.793809048,"Irrigated","Estaca",-0.292360247,0.493071032757733
1,0.393979988,-0.424149371,1.019519305,0.432119996,-0.793809048,"Irrigated","Estaca",-0.085572569,-0.580697037938548
0,0.23951125,-0.327968369,1.006915343,0.659794725,-0.793809048,"Irrigated","Estaca",-0.066064298,-0.239032457720283
0,0.621593437,-1.19083161,0.846391688,-0.894453457,-0.793809048,"Irrigated","Estaca",-0.30406521,-0.573817294216168
0,0.621593437,-1.19083161,0.846391688,-0.894453457,-0.793809048,"Irrigated","Estaca",-0.30406521,-0.598875678252472
0,0.913575367,-1.406593553,0.88580644,-1.221747706,-0.136125603,"Rainfed","Estaca",-0.144097384,-0.733839544563427
0,0.621593437,-1.19083161,0.846391688,-0.894453457,-0.793809048,"Irrigated","Estaca",-0.22213047,-1.19960766674727
0,-2.301325488,0.626291637,-2.554890461,-1.00930415,1.41930283,"Irrigated","Estaca",-0.323573481,0.13653010692288
0,-2.301325488,0.626291637,-2.554890461,-1.00930415,1.41930283,"Irrigated","Estaca",-0.345617828,0.353917635641959
0,-1.903350927,0.387709142,-1.996112579,-0.894438168,1.41930283,"Rainfed","Estaca",-0.30982015,1.35874824213029
0,-1.156995582,0.327179705,-1.188384715,-0.517213892,1.41930283,"Irrigated","Estaca",-0.281630697,0.186575971139188
0,-1.709248636,0.370836271,-1.708645112,-0.551627673,1.41930283,"Irrigated","Estaca",-0.309917691,2.05588500221313
0,-0.23115552,0.173707585,-0.295147125,-0.228159831,1.41930283,"Irrigated","Estaca",2.514880015,-0.936731732216202
0,-0.622494149,0.083928433,-0.376252216,0.052793394,1.41930283,"Rainfed","Estaca",0.308494514,-1.41818444385978
0,-0.354189804,0.177735334,-0.288232481,-0.086676702,1.41930283,"Rainfed","Vivero",0.169985787,-1.12014735424763
0,-0.352301467,0.256925246,-0.338993096,-0.082768908,1.41930283,"Rainfed","Vivero",-0.103130014,-0.989180047135395
0,-0.354189804,0.177735334,-0.288232481,-0.086676702,1.41930283,"Irrigated","Vivero",0.060739466,-1.21308984611523
0,-0.081317026,0.073266242,-0.279905232,-0.369054998,1.41930283,"Irrigated","Estaca",0.520159259,-1.09107586201881
1,-0.072420115,0.067518678,-0.260621577,-0.368225469,1.41930283,"Irrigated","Vivero",0.299715792,-1.23986544395738
1,-0.635558046,-0.160226978,0.021651915,0.588614683,1.41930283,"Irrigated","Vivero",-0.053383922,-1.50051751324388
1,-1.165351333,0.112045391,0.157824667,1.776733449,1.41930283,"Irrigated","Vivero",-0.350885061,-1.5172339855494
1,0.466835875,-0.80206844,1.234736265,0.489435343,-0.793809048,"Rainfed","Vivero",10.04312197,0.236544992761344
1,0.611414171,-1.017847588,1.340368876,0.088742477,-0.793809048,"Rainfed","Vivero",-0.093863585,-0.804493115968175
1,0.89613322,-1.162153944,1.393384495,-0.392278629,-0.793809048,"Rainfed","Estaca",0.547470839,-0.854013533724835
0,0.880390205,-1.013681602,1.444970982,-0.043661956,-0.793809048,"Rainfed","Estaca",0.637208888,-0.126392805232698
0,0.668675899,-0.859036358,1.303966251,0.216927134,-0.793809048,"Rainfed","Estaca",1.377547789,-0.695726029914882
0,0.691115747,-0.774422592,1.336568588,0.153042275,-0.793809048,"Rainfed","Estaca",4.29110813,-0.712879738633017
0,-1.658721606,0.486202276,-1.876334608,-1.056985107,1.41930283,"Irrigated","Vivero",-0.21140092,1.32244894480313
1,-1.658721606,0.486202276,-1.876334608,-1.056985107,1.41930283,"Irrigated","Vivero",-0.311575894,-0.418084002524541
0,-1.658721606,0.486202276,-1.876334608,-1.056985107,1.41930283,"Irrigated","Vivero",-0.32064724,-0.999549373811137
0,-1.658721606,0.486202276,-1.876334608,-1.056985107,1.41930283,"Irrigated","Vivero",-0.277729043,-0.320342373376683
0,-0.765775301,-0.078909698,0.545132877,1.51767803,0.594971485,"Rainfed","Estaca",-0.201646785,0.653704701450835
0,-0.765775301,-0.078909698,0.545132877,1.51767803,0.594971485,"Rainfed","Estaca",-0.294311074,0.248795521505895
0,-0.051832489,-0.303316152,0.711455215,0.797941106,-0.15483865,"Rainfed","Estaca",-0.343959625,1.22244842007313
0,-0.308409482,-0.195523825,0.655291805,1.10314653,-0.793809048,"Rainfed","Estaca",-0.346007993,0.279389042905527
0,-0.308409482,-0.195523825,0.655291805,1.10314653,-0.793809048,"Rainfed","Vivero",0.642085956,-0.272221907089577
0,-0.765775301,-0.078909698,0.545132877,1.51767803,0.594971485,"Rainfed","Estaca",-0.333327617,-0.038475305131785
0,0.279753675,-3.450120769,0.722072859,-2.68816622,1.41930283,"Irrigated","Vivero",-0.234128057,0.0947994313522762
0,-0.063631161,-3.396281476,0.628488149,-2.324474001,1.41930283,"Irrigated","Vivero",1.894516983,-1.0001628969637
0,0.279753675,-3.450120769,0.722072859,-2.68816622,1.41930283,"Irrigated","Vivero",-0.053383922,-0.951328760519348
0,0.473701653,-3.533065332,0.742639263,-2.929895208,1.41930283,"Irrigated","Vivero",-0.174335205,-0.82492954462126
0,1.10144088,-3.73656489,0.891666895,-3.608973864,1.172782686,"Irrigated","Vivero",-0.333327617,-0.155096592067052
0,0.473701653,-3.533065332,0.742639263,-2.929895208,1.41930283,"Irrigated","Vivero",0.410912939,-0.878731431590778
0,0.473701653,-3.533065332,0.742639263,-2.929895208,1.41930283,"Irrigated","Vivero",-0.077769261,-0.709790147909007
0,0.279753675,-3.450120769,0.722072859,-2.68816622,1.41930283,"Irrigated","Vivero",0.210953157,-0.755531149081276
0,-0.449608945,1.245009411,-1.445990706,-0.127148586,-0.651297535,"Rainfed","Estaca",-0.287483179,-1.52488324338889
0,-0.449608945,1.245009411,-1.445990706,-0.127148586,-0.651297535,"Rainfed","Estaca",-0.191892649,-1.50803047179971
0,-0.717097665,1.176229454,-1.259475128,-0.118074313,-0.790784877,"Rainfed","Estaca",-0.301138969,0.698659415046466
0,-0.748872719,0.947603908,-1.102448492,0.147973317,-0.793809048,"Irrigated","Estaca",-0.164873693,-0.993830948792755
0,-0.705120231,1.176229454,-1.257817169,-0.11686296,-0.778590003,"Rainfed","Estaca",-0.248466636,0.00889464720633276
0,-0.717097665,1.176229454,-1.259475128,-0.118074313,-0.790784877,"Rainfed","Estaca",-0.25236829,0.345356917821555
1,-0.990673779,0.451021072,-0.336064585,0.600448803,-0.793809048,"Irrigated","Vivero",0.881062281,-1.32198199471552
0,-0.336940231,0.125205614,0.22679798,0.786766529,-0.793809048,"Rainfed","Estaca",0.057813226,1.11834595899198
0,-1.253065166,0.490352815,-0.438179829,0.608785666,0.981018614,"Rainfed","Estaca",-0.275778216,-0.630798137109812
0,-0.867456151,0.415018182,-0.089964104,0.730671021,-0.793809048,"Rainfed","Vivero",-0.118736631,0.181363119357665
0,-1.084861605,0.443273958,-0.191299935,0.776136593,-0.793809048,"Rainfed","Vivero",0.40310963,-0.283262451855869
0,-0.620451032,0.515001659,-0.337959032,0.56746592,-0.793809048,"Rainfed","Estaca",-0.324548895,-1.15934275106863
0,-0.328944534,0.614826313,-0.230877329,0.387886468,-0.793809048,"Rainfed","Estaca",-0.176286032,-0.335190044191547
0,0.99515783,-0.081990077,0.74580885,0.038934194,-0.793809048,"Rainfed","Estaca",-0.015342792,1.12709972148984
0,0.653295982,-0.011643505,0.683066284,0.33221214,-0.793809048,"Irrigated","Estaca",0.25289594,0.0109044800336988
0,-0.525026589,0.080110076,0.245823564,0.889538223,-0.259934082,"Rainfed","Estaca",-0.30406521,-0.944815252673749
0,-0.525026589,0.080110076,0.245823564,0.889538223,-0.259934082,"Rainfed","Estaca",-0.327475135,0.202936964618792
1,1.728728577,-0.187191465,0.997052666,-0.632652216,-0.793809048,"Rainfed","Vivero",0.125116762,0.218523230183289
0,1.728728577,-0.187191465,0.997052666,-0.632652216,-0.793809048,"Rainfed","Vivero",0.127067589,-0.12644582561953
1,0.558043819,0.028207488,0.768880999,0.705662976,-0.793809048,"Rainfed","Estaca",-0.083621742,0.455002357181771
0,-0.867456151,0.415018182,-0.089964104,0.730671021,-0.793809048,"Rainfed","Estaca",-0.327475135,-0.583490685461997
0,-0.867456151,0.415018182,-0.089964104,0.730671021,-0.793809048,"Rainfed","Vivero",-0.169458137,-0.244452631038233
0,-0.347268117,0.229031336,0.403278804,1.006059578,-0.793809048,"Rainfed","Estaca",-0.324548895,-1.18937926781732
0,-0.525026589,0.080110076,0.245823564,0.889538223,-0.259934082,"Rainfed","Estaca",-0.2387125,1.25211358233445
0,0.960651668,0.030929093,0.885395112,0.227850383,-0.793809048,"Rainfed","Estaca",-0.29040942,0.647259830343466
0,0.472776903,0.19262471,0.618946306,0.496552495,-0.793809048,"Rainfed","Estaca",-0.26309784,0.698793493165881
0,0.957983692,-0.000416249,0.841296495,0.231691085,-0.793809048,"Rainfed","Estaca",-0.202622198,0.1184542808172
0,-0.616507482,0.275209684,0.09966324,0.808353036,0.03592383,"Irrigated","Estaca",-0.294311074,0.263016241113256
0,0.537440139,0.189918796,0.606377579,0.474640367,-0.793809048,"Rainfed","Estaca",0.113411799,-0.0952421860742035
0,-0.477141182,0.230870293,0.181955559,0.854756761,-0.793809048,"Rainfed","Estaca",-0.316745586,-1.03314171735513
0,-0.619539142,0.347831854,0.134166232,0.860783933,-0.793809048,"Rainfed","Estaca",0.064641121,0.569796605662551
0,-0.411310909,0.256582377,0.166687109,0.818452762,-0.793809048,"Rainfed","Estaca",-0.179212272,-0.250420677171847
0,-0.553385727,0.261727268,0.025537722,0.741859448,-0.793809048,"Rainfed","Estaca",-0.165556482,-1.27775052972259
0,-0.495417902,0.079774521,0.343029953,1.021402118,-0.793809048,"Rainfed","Estaca",-0.246515809,0.309423378044497
0,-0.616507482,0.275209684,0.09966324,0.808353036,0.03592383,"Irrigated","Estaca",-0.305040623,0.0473675987485417
0,-0.411310909,0.256582377,0.166687109,0.818452762,-0.793809048,"Rainfed","Estaca",-0.272851975,-0.947440104822208
0,0.147534507,0.095376914,0.608336874,0.806777651,-0.793809048,"Rainfed","Estaca",0.786447164,0.553790705114372
0,-0.411310909,0.256582377,0.166687109,0.818452762,-0.793809048,"Rainfed","Vivero",-0.19481889,-0.456923259719566
0,0.200591226,0.045146635,0.64082593,0.812509324,-0.793809048,"Rainfed","Estaca",-0.284556938,-0.266467239987234
0,0.368881178,-0.146179769,0.797512137,0.775992831,-0.793809048,"Rainfed","Estaca",-0.2387125,0.279144561356644
0,-2.095547744,0.939196671,-3.130386268,-1.729155121,1.41930283,"Rainfed","Estaca",-0.27675363,1.42144504808325
0,-0.147901663,-0.424149371,1.051276669,1.270162629,-0.793809048,"Rainfed","Estaca",-0.292360247,-1.02481992203588
0,-0.538419943,-0.254650794,0.842467624,1.648860684,-0.793809048,"Rainfed","Vivero",0.278354234,0.141151291542827
1,0.240178835,-0.424149371,1.275665061,1.105874419,-0.793809048,"Rainfed","Vivero",-0.022170687,0.332046906643693
0,0.240178835,-0.424149371,1.275665061,1.105874419,-0.793809048,"Rainfed","Estaca",0.522110086,-0.155196838893325
1,0.331895383,-0.531622995,1.262598997,0.881095009,-0.793809048,"Rainfed","Estaca",-0.237737087,-0.0138483858835359
0,-0.418535255,-0.269352861,0.870576191,1.510491086,-0.793809048,"Rainfed","Vivero",-0.207011559,-0.0900423197400528
1,-0.47689956,-0.3105744,0.858929112,1.560920254,-0.793809048,"Rainfed","Estaca",-0.226032124,-0.892008744886968
1,-0.298921001,-0.25242357,1.022160267,1.482890573,-0.793809048,"Irrigated","Vivero",-0.341911256,2.58773558548897
1,-0.516046344,-0.271610534,0.886843573,1.606782245,-0.793809048,"Irrigated","Vivero",0.142674207,0.724986607643006
1,-0.499184672,-0.399833551,0.789501355,1.5872743,-0.793809048,"Irrigated","Vivero",-0.173359791,0.0506864838355787
1,-0.650093702,-0.263346563,0.76326684,1.681804983,-0.793809048,"Irrigated","Vivero",-0.049482267,-0.515969062928597
0,-0.043993337,-0.542489537,1.103204412,1.027703287,-0.793809048,"Irrigated","Estaca",-0.311868518,-0.28738643735739
0,-0.245883199,-0.436991395,0.962953505,1.272468894,-0.793809048,"Rainfed","Estaca",-0.091229968,-1.23974173311987
0,-0.261552931,-0.30480122,1.064939428,1.446360963,-0.793809048,"Rainfed","Estaca",-0.277729043,-0.948134813817171
0,-0.32316063,-0.331081347,1.015768045,1.484928307,-0.793809048,"Rainfed","Estaca",-0.323573481,-0.62773915439262
0,-0.250521075,-0.223376943,1.059346649,1.481812464,-0.793809048,"Irrigated","Vivero",-0.261147012,-1.35337321659775
0,-0.147901663,-0.424149371,1.051276669,1.270162629,-0.793809048,"Irrigated","Estaca",-0.346007993,-0.509826090052752
0,-0.32316063,-0.331081347,1.015768045,1.484928307,-0.793809048,"Irrigated","Vivero",-0.246515809,-1.60609207559923
0,-0.250521075,-0.223376943,1.059346649,1.481812464,-0.793809048,"Irrigated","Vivero",-0.258220772,-1.32956724393296
0,-0.29162696,-0.239857604,0.992445536,1.497693989,-0.793809048,"Rainfed","Vivero",-0.22213047,-1.26491714070216
0,-0.29162696,-0.239857604,0.992445536,1.497693989,-0.793809048,"Rainfed","Estaca",-0.256269945,-1.181278910003
0,0.024188865,-0.424149371,1.113650132,1.283937596,-0.793809048,"Rainfed","Estaca",-0.14312197,-0.117617980218495
0,-0.203110065,-0.353669748,1.042951238,1.420170906,-0.793809048,"Rainfed","Estaca",0.248994286,-1.22208876216811
0,-0.092145107,-0.424149371,1.138877977,1.391958795,-0.793809048,"Rainfed","Estaca",-0.182138513,-0.10035488046458
0,0.795803947,-0.470488338,1.40223023,0.642296607,-0.793809048,"Rainfed","Vivero",-0.247491222,-0.0355990830971878
0,0.795803947,-0.470488338,1.40223023,0.642296607,-0.793809048,"Rainfed","Vivero",-0.157753174,1.60669621028682
0,0.586083695,-0.740567179,1.09612203,0.035768633,-0.793809048,"Rainfed","Vivero",0.173887441,-0.466860077528108
0,0.711567586,-0.645367141,1.439036006,0.549786956,-0.793809048,"Rainfed","Vivero",-0.084597156,0.346028685430228
0,-0.274285912,-0.263581177,1.021644451,1.49826798,-0.793809048,"Rainfed","Estaca",-0.258220772,-1.60609207559923
0,-0.29162696,-0.239857604,0.992445536,1.497693989,-0.793809048,"Rainfed","Estaca",-0.302114383,-0.986048280283495
0,-0.061603913,-0.295878413,1.065804292,1.297400179,-0.793809048,"Rainfed","Estaca",0.101706836,-1.03603494490403
0,-0.274285912,-0.263581177,1.021644451,1.49826798,-0.793809048,"Rainfed","Vivero",-0.253343704,-1.38764728445694
0,-0.274285912,-0.263581177,1.021644451,1.49826798,-0.793809048,"Rainfed","Estaca",-0.266999494,-1.37446788865549
0,0.359009657,-0.530720805,1.281224849,0.916526158,-0.793809048,"Rainfed","Estaca",-0.342789128,-0.765055686328502
1,-0.47689956,-0.3105744,0.858929112,1.560920254,-0.793809048,"Irrigated","Vivero",-0.173359791,-0.905997386846478
0,-0.387354797,-0.195523825,0.942950686,1.525779984,-0.793809048,"Rainfed","Estaca",-0.187990995,-0.551274752987759
0,-0.387354797,-0.195523825,0.942950686,1.525779984,-0.793809048,"Rainfed","Estaca",-0.080695502,-1.16362634997867
0,-0.387354797,-0.195523825,0.942950686,1.525779984,-0.793809048,"Rainfed","Estaca",-0.071916779,-0.0747729892683007
0,-0.14645216,-0.381734885,1.032180303,1.378884018,-0.793809048,"Rainfed","Estaca",0.076346084,-1.02784950584018
0,-0.14645216,-0.381734885,1.032180303,1.378884018,-0.793809048,"Rainfed","Estaca",-0.289434006,-1.13648221021164
0,-0.203110065,-0.353669748,1.042951238,1.420170906,-0.793809048,"Rainfed","Estaca",-0.149949865,-1.28406320663587
0,-0.09839499,-0.424149371,1.045667394,1.184813963,-0.793809048,"Rainfed","Estaca",-0.295286488,-0.927355329430753
0,-0.09839499,-0.424149371,1.045667394,1.184813963,-0.793809048,"Rainfed","Estaca",-0.169458137,-0.671327103849405
0,-0.147901663,-0.424149371,1.051276669,1.270162629,-0.793809048,"Rainfed","Estaca",-0.344935038,-1.31269151182592
0,-0.387354797,-0.195523825,0.942950686,1.525779984,-0.793809048,"Rainfed","Vivero",-0.270901148,-0.618270683670377
0,0.161613081,-0.461374526,1.172167261,1.107096776,-0.793809048,"Rainfed","Estaca",-0.158728587,-0.533588302809118
0,0.099062178,-0.424149371,1.12208617,1.168051225,-0.793809048,"Rainfed","Estaca",-0.178724566,-0.507074252906927
0,0.035552818,-0.424149371,1.18210769,1.277844031,-0.793809048,"Rainfed","Estaca",-0.00656407,1.41817063231305
0,0.327589936,-0.440826777,1.193221174,0.890233069,-0.793809048,"Irrigated","Vivero",0.11633804,0.695042073271068
0,0.327589936,-0.440826777,1.193221174,0.890233069,-0.793809048,"Irrigated","Vivero",-0.169458137,0.444812272594289
0,0.327589936,-0.440826777,1.193221174,0.890233069,-0.793809048,"Rainfed","Vivero",0.952267472,0.495237895965894
0,0.099062178,-0.424149371,1.12208617,1.168051225,-0.793809048,"Rainfed","Estaca",-0.255294531,1.96870922911802
0,-0.168961623,-0.522040164,0.985090303,1.145983492,-0.793809048,"Irrigated","Estaca",0.713291146,-0.130217140349198
0,-0.043993337,-0.542489537,1.103204412,1.027703287,-0.793809048,"Irrigated","Estaca",-0.243589568,-0.256945872989789
0,-0.203110065,-0.353669748,1.042951238,1.420170906,-0.793809048,"Rainfed","Estaca",-0.301138969,-1.35856713106232
0,-0.29162696,-0.239857604,0.992445536,1.497693989,-0.793809048,"Rainfed","Estaca",-0.289434006,-1.13817199013404
0,-0.29162696,-0.239857604,0.992445536,1.497693989,-0.793809048,"Rainfed","Estaca",-0.25305108,-1.34358350696364
0,-0.29162696,-0.239857604,0.992445536,1.497693989,-0.793809048,"Rainfed","Vivero",-0.313819345,-1.30633691772821
0,-0.29162696,-0.239857604,0.992445536,1.497693989,-0.793809048,"Rainfed","Estaca",-0.214327161,-0.775411546593885
0,-0.298921001,-0.25242357,1.022160267,1.482890573,-0.793809048,"Rainfed","Estaca",-0.316745586,-0.795383037735228
0,0.04325379,0.477364486,-0.738322349,-1.073949909,1.41930283,"Rainfed","Vivero",0.264600903,0.503160862595595
0,0.401651692,0.085177439,-0.613898254,-1.33919855,1.41930283,"Rainfed","Estaca",0.165108719,-0.291684527341157
0,0.883657039,0.033101722,-0.414639878,-1.648404952,1.41930283,"Rainfed","Estaca",-0.034851064,0.201945866236023
0,0.246574794,0.261727268,-0.618401021,-1.216283566,1.41930283,"Rainfed","Estaca",-0.245540395,-1.60609207559923
0,0.246574794,0.261727268,-0.618401021,-1.216283566,1.41930283,"Rainfed","Estaca",-0.125564526,-1.06046710680222
0,-2.192304605,1.198198572,-3.375827635,-1.788883664,1.41930283,"Rainfed","Estaca",-0.287483179,0.746333088715255
0,-0.763614766,0.036213357,-0.277425577,0.401910996,1.41930283,"Rainfed","Estaca",-0.342106339,-1.60609207559923
0,-0.763614766,0.036213357,-0.277425577,0.401910996,1.41930283,"Rainfed","Estaca",-0.281630697,-0.619352757105892
0,-0.700397498,0.059490922,-0.15356766,0.500606567,1.41930283,"Irrigated","Vivero",-0.254319117,-1.24865221852398
0,-1.049115352,0.055171964,-0.404450426,0.465576431,1.41930283,"Rainfed","Estaca",-0.332352203,-1.60609207559923
0,-0.88125862,0.403610781,-0.452384241,0.416052087,1.41930283,"Rainfed","Estaca",-0.316745586,-0.269323655884743
0,-2.380111163,0.448620765,-2.67620336,-1.047487994,1.41930283,"Irrigated","Vivero",-0.195794303,0.873541631943625
0,-1.648007398,0.119430551,-1.511825056,-0.548708492,1.41930283,"Irrigated","Estaca",-0.247491222,1.14186269230568
0,-1.372127717,0.090013145,-1.334126915,-0.628068297,1.41930283,"Irrigated","Estaca",0.135846312,-0.353016252928101
0,-2.8675223,0.937343553,-3.538254099,-1.412295797,1.41930283,"Irrigated","Estaca",-0.299188142,0.996729809554873
0,-2.544604664,0.563906396,-2.918138517,-1.12627203,1.41930283,"Irrigated","Estaca",-0.258220772,2.10704716017673
0,-2.380111163,0.448620765,-2.67620336,-1.047487994,1.41930283,"Irrigated","Estaca",0.064641121,1.77457251751222
0,-2.088181229,0.29667753,-2.074564502,-0.734950283,1.41930283,"Irrigated","Estaca",-0.338204685,0.757133191705457
0,-2.8675223,0.937343553,-3.538254099,-1.412295797,1.41930283,"Irrigated","Estaca",-0.338107143,1.25394225859518
0,-1.228979316,0.216875765,-0.413509565,0.563521568,1.41930283,"Rainfed","Estaca",-0.193843476,0.281044450604647
0,-1.228979316,0.216875765,-0.413509565,0.563521568,1.41930283,"Rainfed","Estaca",-0.27967987,0.369057918604239
0,-1.840152503,0.409850116,-1.690371435,-0.450150942,1.41930283,"Irrigated","Estaca",-0.32064724,0.212350553905079
0,-2.153356334,0.341855581,-2.121903246,-0.632705,1.41930283,"Irrigated","Estaca",-0.33137679,-1.53420954135045
0,-2.153356334,0.341855581,-2.121903246,-0.632705,1.41930283,"Irrigated","Estaca",-0.322598068,0.295220349976367
0,-2.153356334,0.341855581,-2.121903246,-0.632705,1.41930283,"Irrigated","Estaca",-0.297237315,-0.821238952875792
0,-2.153356334,0.341855581,-2.121903246,-0.632705,1.41930283,"Irrigated","Estaca",-0.34503258,-0.294131672298783
0,-2.294707217,0.460543063,-2.398298867,-0.864351134,1.41930283,"Irrigated","Estaca",-0.324548895,2.81497368656188
0,-2.110492561,0.388575826,-2.126374275,-0.646829573,1.41930283,"Irrigated","Estaca",-0.34795882,6.87204244059349
0,0.077985867,1.542404314,-1.363367509,0.130369035,-0.510343087,"Rainfed","Estaca",-0.13951294,0.228347418494428
0,1.169325318,1.337384626,-1.092496865,-0.963826227,1.41930283,"Irrigated","Vivero",0.802053782,-0.582589162211244
1,0.587179708,1.475769923,-1.42040005,-0.830473647,1.21204471,"Irrigated","Vivero",1.656516071,-0.991903446992598
0,0.099371599,1.597765136,-1.331904045,0.161550216,-0.793809048,"Rainfed","Estaca",-0.317721,-0.286076886809228
0,0.965190824,1.214691776,-1.049058579,-0.699044718,1.04698476,"Rainfed","Vivero",0.507478883,-0.932897150131059
0,-0.138670594,0.898053626,-0.671114438,0.298801274,-0.793809048,"Rainfed","Vivero",0.317273236,0.983598920880448
0,0.634324029,0.718978361,-0.363963395,-0.190249796,0.261269638,"Rainfed","Estaca",-0.205548439,-0.198785372326143
0,0.58855073,0.726094386,-0.393240097,-0.17875131,-0.699406447,"Rainfed","Estaca",-0.323573481,-0.293957359931866
0,0.676165224,0.727744462,-0.323375377,-0.189515417,-0.61191359,"Rainfed","Estaca",-0.312258684,-0.472271660672573
0,0.676165224,0.727744462,-0.323375377,-0.189515417,-0.61191359,"Rainfed","Estaca",-0.305040623,-0.496290259421314
0,0.676165224,0.727744462,-0.323375377,-0.189515417,-0.61191359,"Rainfed","Estaca",-0.24944205,-0.385091404523692
0,0.676165224,0.727744462,-0.323375377,-0.189515417,-0.61191359,"Rainfed","Estaca",-0.302114383,-1.17912007871767
0,-0.086568846,1.237855253,-1.260745022,-0.457716698,0.083639412,"Rainfed","Estaca",-0.288653675,1.18841412653004
0,0.129569711,1.058279054,-1.202775216,-0.665144055,1.41930283,"Rainfed","Estaca",-0.019732153,1.1273142303874
0,0.49760147,0.852944475,-0.61084379,-0.320984216,1.338713014,"Rainfed","Estaca",-0.307966864,1.71801687906321
0,0.565768613,0.924601695,-0.578904229,-0.257429849,-0.571145957,"Rainfed","Vivero",-0.03387565,-0.63300985206947
0,0.565768613,0.924601695,-0.578904229,-0.257429849,-0.571145957,"Rainfed","Vivero",-0.1811631,-0.0706772912045944
0,0.653838897,0.822236811,-0.432815875,-0.257990014,1.234215428,"Rainfed","Estaca",-0.217253402,-0.937877597570333
0,0.905129772,1.323465217,-1.05892105,-0.654688162,-0.075515187,"Irrigated","Estaca",1.16198139,-1.10111038657458
0,-0.271976378,0.961365528,-1.12328542,-0.11814327,-0.520611749,"Rainfed","Estaca",-0.152290858,1.07749555548563
0,0.326642892,0.758710048,-0.422209125,-0.068103688,0.911466279,"Rainfed","Estaca",-0.135318662,0.439753047772828
0,0.326642892,0.758710048,-0.422209125,-0.068103688,0.911466279,"Rainfed","Estaca",-0.178236859,-0.770726683992142
0,-0.130291163,1.194097872,-1.29382902,-0.408766594,1.41930283,"Rainfed","Estaca",-0.140195729,-0.290351598755296
0,0.49760147,0.852944475,-0.61084379,-0.320984216,1.338713014,"Rainfed","Estaca",0.010017961,0.338684463902658
0,0.461303344,1.113994865,-0.823805184,0.020880494,-0.793809048,"Rainfed","Estaca",-0.247491222,1.5988828303901
0,1.028683613,1.239987436,-1.079831784,-0.758792966,-0.146556173,"Rainfed","Estaca",-0.027047755,-0.68592156659834
0,1.028683613,1.239987436,-1.079831784,-0.758792966,-0.146556173,"Rainfed","Estaca",-0.023146101,-0.512561461431435
0,0.570424841,1.246060008,-1.299017549,-0.822184823,1.41930283,"Rainfed","Estaca",-0.024121514,-0.0505686074307759
0,0.807597429,1.276827697,-0.885230888,-0.332201314,-0.555783067,"Rainfed","Estaca",-0.176286032,-0.0656140474243255
0,-0.376514556,1.220039862,-1.396197754,-0.11814327,-0.793809048,"Irrigated","Vivero",0.481142716,1.5863120928931
0,-0.130291163,1.194097872,-1.29382902,-0.408766594,1.41930283,"Rainfed","Vivero",-0.20847468,-0.45405502836847
0,-0.371873342,1.396836221,-1.483172867,-0.257990014,1.341680456,"Irrigated","Vivero",-0.191892649,-0.742236342588961
0,-0.130291163,1.194097872,-1.29382902,-0.408766594,1.41930283,"Irrigated","Vivero",-0.266999494,-0.602697276032964
0,-0.087050241,1.404855001,-1.493330465,-0.244002395,-0.481858188,"Rainfed","Estaca",-0.281630697,0.575716700118088
0,0.041686747,1.242738546,-1.302826509,-0.138484567,-0.793809048,"Rainfed","Vivero",0.299715792,0.349058590201398
0,0.041686747,1.242738546,-1.302826509,-0.138484567,-0.793809048,"Rainfed","Estaca",-0.295774194,0.524546457090412
0,0.14133353,1.18516895,-1.039089322,-0.13277862,-0.793809048,"Rainfed","Estaca",-0.288751217,0.606498106465295
0,0.676165224,0.727744462,-0.323375377,-0.189515417,-0.61191359,"Rainfed","Estaca",-0.269925735,-0.346509571661789
0,0.33611984,1.290689145,-0.848597391,-0.056933094,-0.793809048,"Irrigated","Vivero",-0.231884605,-0.560832224003109
0,-0.440417697,1.260508461,-1.60631207,-0.268357398,1.255236213,"Irrigated","Estaca",-0.29333566,-1.60609207559923
0,1.086268295,0.720681537,-0.188864531,-0.397836757,-0.53982885,"Rainfed","Estaca",-0.295579112,0.0740266829582455
0,0.712255296,0.947603908,-0.468314374,-0.285259783,-0.308869823,"Rainfed","Estaca",-0.075818434,-0.80108776416729
0,1.229683298,0.743621438,0.006284531,-0.397836757,-0.781123759,"Rainfed","Estaca",0.12999383,0.10771142011465
0,1.273774237,0.718978361,-0.023327231,-0.397836757,-0.793809048,"Rainfed","Estaca",-0.187015581,-0.338199108819364
1,1.37025512,0.276891777,0.405419277,-0.243646099,-0.793809048,"Rainfed","Vivero",0.813758744,1.02628376935129
1,1.37025512,0.276891777,0.405419277,-0.243646099,-0.793809048,"Rainfed","Vivero",-0.098252946,1.27914532750814
0,0.604847885,1.404855001,-1.388792354,-0.817376987,1.41930283,"Irrigated","Vivero",1.519958171,-0.780277017274519
0,0.89170812,1.214044379,-0.804706266,-0.306229483,-0.030406628,"Rainfed","Estaca",-0.1021546,-0.309278076421825
0,0.772542638,1.29563728,-0.865680233,-0.276457773,0.116457559,"Rainfed","Estaca",-0.058260989,-0.830426690651215
0,0.330710303,0.595552083,-0.161313404,0.161719472,-0.793809048,"Rainfed","Estaca",-0.207499266,0.925753257392437
0,0.261948928,0.716910519,-0.141471114,0.207701994,-0.793809048,"Rainfed","Estaca",-0.053383922,0.814058288515493
0,0.539452168,0.940446926,-0.549038291,-0.266745646,0.601771434,"Rainfed","Estaca",-0.18408934,-1.09355007573953
0,0.521132465,0.947603908,-0.7546792,-0.229118619,-0.793809048,"Rainfed","Estaca",-0.20847468,0.0173314415383753
0,0.491409111,1.126210843,-0.741475451,-0.239077968,-0.793809048,"Rainfed","Vivero",-0.242614155,1.04951157382119
0,0.565768613,0.924601695,-0.578904229,-0.257429849,-0.571145957,"Rainfed","Estaca",-0.289434006,-0.866442562726088
0,1.214638278,1.111319999,-0.559557889,-0.398751208,0.178049453,"Rainfed","Estaca",-0.265048667,0.394885584356933
0,0.707418525,1.299099573,-0.800269345,-0.09468207,-0.590172978,"Rainfed","Estaca",0.015870442,-0.403968477602305
0,0.738871721,1.347910344,-1.349591205,-0.892840867,1.41930283,"Rainfed","Vivero",1.030300557,-0.045918071293129
0,0.741684927,1.33547344,-1.304962163,-0.83134772,1.41930283,"Rainfed","Estaca",1.363891999,0.0438929146308185
0,0.545654938,0.890104797,-0.238373349,0.025849629,-0.76060623,"Rainfed","Estaca",-0.207499266,0.679092622567213
0,0.545654938,0.890104797,-0.238373349,0.025849629,-0.76060623,"Rainfed","Estaca",-0.283581525,0.173600568827562
0,0.553636224,0.925548593,-0.593347961,-0.160394013,-0.580312005,"Rainfed","Estaca",-0.242614155,1.00881728259577
0,0.180771978,0.947603908,-0.555273791,0.20372895,-0.793809048,"Rainfed","Estaca",-0.297237315,-0.604859520176607
0,-0.185817649,1.108180942,-1.083023577,-0.200118483,-0.69432275,"Rainfed","Estaca",-0.1811631,0.98453102527137
0,1.175354519,0.48206616,0.219819874,-0.12269044,-0.793809048,"Rainfed","Estaca",-0.179212272,1.70808491336013
0,-0.158280346,0.950572257,-0.559398241,0.299581266,-0.793809048,"Rainfed","Estaca",-0.253343704,0.909505870464424
1,0.337733227,0.590752211,-0.175653764,0.16283496,-0.793809048,"Rainfed","Estaca",3.254243503,0.852819505498892
0,0.405171063,1.198563157,-0.80154618,-0.124424858,-0.793809048,"Rainfed","Estaca",-0.105080841,-0.371981004964994
0,0.49760147,0.852944475,-0.61084379,-0.320984216,1.338713014,"Rainfed","Estaca",-0.291384833,0.525558780072468
0,0.280280716,1.352543999,-1.03469309,0.161550216,-0.793809048,"Rainfed","Estaca",-0.12946618,-0.103232408357926
0,0.129489649,1.584272394,-1.253891309,0.157070218,-0.793809048,"Rainfed","Estaca",-0.260171599,-0.0736386565604471
0,0.198081602,1.123124985,-1.056058915,-0.462803138,1.41930283,"Irrigated","Estaca",-0.193843476,0.0734284658482526
0,0.129569711,1.058279054,-1.202775216,-0.665144055,1.41930283,"Rainfed","Estaca",-0.228958365,1.83753135694638
0,-0.148151074,0.917873152,-0.71992186,0.28230743,-0.786658548,"Rainfed","Vivero",-0.298895518,1.60527228139863
0,-0.148151074,0.917873152,-0.71992186,0.28230743,-0.786658548,"Rainfed","Vivero",-0.280655284,1.10487402538876
0,0.331716183,1.345485324,-0.870663176,0.134699179,-0.793809048,"Rainfed","Estaca",-0.300163555,1.58821893057678
0,0.710876126,0.803534967,-0.29742644,-0.177727367,-0.793809048,"Rainfed","Estaca",0.037329541,0.532724886800418
0,0.634324029,0.718978361,-0.363963395,-0.190249796,0.261269638,"Rainfed","Estaca",-0.1811631,0.552213738771132
1,0.706377969,1.227630732,-1.110954879,-0.66739102,1.41930283,"Irrigated","Vivero",0.492847679,-0.00857070545148263
0,0.228875557,1.403216594,-1.075715284,-0.039757191,-0.793809048,"Rainfed","Estaca",-0.260171599,0.210106482117456
1,0.711490759,0.749618753,-0.446265013,-0.242039641,-0.793809048,"Rainfed","Vivero",0.013919615,-0.213802350630663
1,1.231323706,1.240377207,-0.736519659,-0.536681564,-0.168373194,"Rainfed","Vivero",2.410510763,0.116538326319217
0,0.64122009,1.345298716,-0.952324793,-0.232177754,0.674770391,"Rainfed","Vivero",-0.06333314,-1.00055541424386
0,0.44220874,1.44818325,-1.404313838,-0.70067071,1.41930283,"Rainfed","Estaca",-0.042654372,0.63438758630003
0,0.44220874,1.44818325,-1.404313838,-0.70067071,1.41930283,"Rainfed","Estaca",-0.239687914,0.25454963296404
1,1.229683298,0.743621438,0.006284531,-0.397836757,-0.781123759,"Rainfed","Vivero",0.12999383,-0.361021232832732
0,1.086268295,0.720681537,-0.188864531,-0.397836757,-0.53982885,"Rainfed","Estaca",-0.324548895,0.505934418573257
0,1.229683298,0.743621438,0.006284531,-0.397836757,-0.781123759,"Rainfed","Estaca",-0.304747999,-0.730119012068039
0,0.872633165,0.947603908,-0.2408449,-0.261520679,-0.222140471,"Rainfed","Estaca",-0.147999038,0.276420742011002
0,0.587179708,1.475769923,-1.42040005,-0.830473647,1.21204471,"Rainfed","Estaca",0.617700616,-0.975718123340449
1,0.623973939,1.37746616,-1.389652108,-0.834130321,1.41930283,"Irrigated","Vivero",0.221682706,-0.442657533840045
0,0.44220874,1.44818325,-1.404313838,-0.70067071,1.41930283,"Rainfed","Estaca",-0.126539939,0.0743385303499644
0,0.590510015,1.404855001,-1.371334416,-0.817376987,1.41930283,"Rainfed","Vivero",-0.251392877,-0.635913688402408
0,0.590510015,1.404855001,-1.371334416,-0.817376987,1.41930283,"Rainfed","Vivero",-0.094351292,-0.943234897213686
0,1.086268295,0.720681537,-0.188864531,-0.397836757,-0.53982885,"Rainfed","Estaca",-0.171408964,0.358477968846795
0,0.800069995,0.929264721,-0.383430841,-0.256386509,-0.793809048,"Rainfed","Estaca",-0.316745586,-0.806163507461737
0,0.979643675,0.760379545,-0.287245574,-0.380546429,0.997652773,"Rainfed","Estaca",-0.30699145,-0.402286375488077
0,1.273774237,0.718978361,-0.023327231,-0.397836757,-0.793809048,"Rainfed","Estaca",-0.128490767,0.197271067948557
1,0.623973939,1.37746616,-1.389652108,-0.834130321,1.41930283,"Irrigated","Estaca",0.49577392,-0.541750617767319
1,0.595655298,1.425278208,-1.402251243,-0.817376987,1.41930283,"Irrigated","Vivero",0.738164193,-0.897687263307986
0,0.623973939,1.37746616,-1.389652108,-0.834130321,1.41930283,"Rainfed","Estaca",-0.232860019,-1.59511852107661
0,0.296126753,0.708822468,-0.312954502,0.127871649,-0.618267442,"Rainfed","Estaca",0.581610314,0.0609508239162948
0,-0.148151074,0.917873152,-0.71992186,0.28230743,-0.786658548,"Rainfed","Estaca",-0.203597612,1.70808850694777
1,-0.138670594,0.898053626,-0.671114438,0.298801274,-0.793809048,"Rainfed","Estaca",0.347511057,0.687747984126278
0,0.206089909,0.944452313,-0.463531638,0.285115067,-0.793809048,"Rainfed","Estaca",-0.152876106,-0.190572608504783
0,0.255777838,1.360074931,-1.238323548,-0.049625072,-0.699718868,"Rainfed","Estaca",-0.055334749,0.450709857523941
0,0.374823605,1.219079115,-1.070127755,-0.11814327,-0.431580478,"Rainfed","Estaca",-0.339180098,-0.687202179581383
0,-0.440417697,1.260508461,-1.60631207,-0.268357398,1.255236213,"Irrigated","Vivero",-0.295286488,-1.60609207559923
1,0.335675219,1.206772486,-1.138952743,-0.46600566,0.307524901,"Irrigated","Vivero",-0.155802347,0.595248300333975
0,0.550553094,-0.058721031,1.099634513,0.981919844,-0.793809048,"Rainfed","Estaca",-0.305040623,1.23907943557095
0,0.885261351,-0.251772803,1.291031329,0.553171447,-0.793809048,"Rainfed","Estaca",-0.333327617,0.0990686923110261
0,0.885261351,-0.251772803,1.291031329,0.553171447,-0.793809048,"Rainfed","Estaca",-0.335278444,0.281886088740145
0,0.885261351,-0.251772803,1.291031329,0.553171447,-0.793809048,"Rainfed","Estaca",-0.325524308,0.268859120115956
0,0.339515538,-0.062288656,0.95241264,0.984540821,-0.793809048,"Rainfed","Estaca",-0.325524308,0.340114475946562
0,0.339515538,-0.062288656,0.95241264,0.984540821,-0.793809048,"Rainfed","Estaca",-0.335278444,0.842083545084784
0,0.339515538,-0.062288656,0.95241264,0.984540821,-0.793809048,"Rainfed","Vivero",-0.309917691,0.0673915561478737
0,0.485582835,-0.183858677,1.058268036,0.929680852,-0.793809048,"Rainfed","Estaca",-0.341130925,0.0124039232379494
0,0.509188882,-0.147110198,1.122226721,0.932928899,-0.793809048,"Rainfed","Vivero",-0.289434006,-0.420187042283988
0,0.509188882,-0.147110198,1.122226721,0.932928899,-0.793809048,"Rainfed","Vivero",-0.342106339,0.218444829309996
0,-0.742486926,0.136929933,0.328344455,1.254067414,-0.793809048,"Rainfed","Estaca",-0.32064724,0.0979899927259257
0,-0.704989631,0.015359619,0.48948484,1.390073805,-0.793809048,"Rainfed","Estaca",5.946384963,-0.121231546569903
0,0.342157796,0.020243074,0.970537708,0.971441543,-0.793809048,"Rainfed","Estaca",-0.270901148,0.203281064294083
0,0.795612099,-0.257768983,1.113640261,0.58085878,-0.793809048,"Rainfed","Estaca",-0.342301422,0.412422668373394
0,0.549977945,-0.127831559,0.895304034,0.645792828,-0.793809048,"Rainfed","Estaca",-0.329425963,-0.0818013492076879
0,0.549977945,-0.127831559,0.895304034,0.645792828,-0.793809048,"Rainfed","Estaca",-0.299188142,1.01510899849994
0,0.636035282,-0.195523825,1.081640148,0.649437065,-0.793809048,"Rainfed","Estaca",-0.303089796,1.00412520181858
0,0.795612099,-0.257768983,1.113640261,0.58085878,-0.793809048,"Rainfed","Estaca",-0.315770173,0.795134856473333
1,0.510154575,-0.194295788,1.057337603,0.862392129,-0.793809048,"Rainfed","Vivero",-0.182138513,-0.0667335211737818
1,0.673661935,-0.140389027,0.976026102,0.725978247,-0.793809048,"Rainfed","Vivero",6.278025577,0.137815353741704
1,-1.016153045,0.137187253,0.124212975,1.323927038,-0.793809048,"Irrigated","Estaca",-0.332352203,-1.38305824646079
0,1.225792185,-0.21518797,1.159837317,0.195421477,-0.793809048,"Rainfed","Estaca",-0.34503258,-0.123256355781427
0,0.379913985,0.682930463,0.190114173,0.545929024,-0.793809048,"Rainfed","Estaca",-0.287483179,-0.12259143480084
0,1.058765459,0.314379254,0.424705803,0.099563995,-0.793809048,"Rainfed","Estaca",-0.309917691,2.08279585629301
0,1.058765459,0.314379254,0.424705803,0.099563995,-0.793809048,"Rainfed","Estaca",-0.346983407,1.69400141026811
0,1.058765459,0.314379254,0.424705803,0.099563995,-0.793809048,"Rainfed","Estaca",-0.292360247,1.33181626825009
0,0.379913985,0.682930463,0.190114173,0.545929024,-0.793809048,"Rainfed","Estaca",-0.313819345,0.643503184610786
0,0.379913985,0.682930463,0.190114173,0.545929024,-0.793809048,"Rainfed","Vivero",-0.30406521,0.300370150673111
0,1.944942551,0.038332305,0.932785004,-0.414800684,-0.793809048,"Rainfed","Vivero",-0.204573025,2.05046577439309
0,1.944942551,0.038332305,0.932785004,-0.414800684,-0.793809048,"Rainfed","Estaca",-0.241638741,2.71280407601083
0,1.968150215,0.033442144,0.930433808,-0.504677069,-0.793809048,"Rainfed","Vivero",-0.311868518,2.98114109817153
1,1.968150215,0.033442144,0.930433808,-0.504677069,-0.793809048,"Irrigated","Estaca",-0.289434006,1.44199350489851
1,0.342530084,0.718035326,-0.024848514,0.580513606,-0.793809048,"Rainfed","Vivero",-0.042654372,-0.526813283521673
0,0.393323887,0.425029469,0.420896413,0.52048092,-0.793809048,"Rainfed","Estaca",0.027575405,2.30701160282031
0,0.393323887,0.425029469,0.420896413,0.52048092,-0.793809048,"Rainfed","Estaca",-0.312843932,0.73292890688251
0,1.157572304,0.119322578,0.671020808,0.081659525,-0.793809048,"Rainfed","Estaca",-0.269925735,-0.610556072420118
1,1.157572304,0.119322578,0.671020808,0.081659525,-0.793809048,"Rainfed","Estaca",-0.247491222,0.0548532608771572
0,0.812155221,0.462128137,0.752948977,0.367498105,-0.793809048,"Rainfed","Vivero",-0.046556027,0.865676440604713
0,0.871932177,0.453478115,0.632360832,0.406352294,-0.793809048,"Rainfed","Estaca",-0.27967987,0.639403365608646
1,0.424964012,0.320806215,0.295709454,0.58510447,-0.793809048,"Rainfed","Estaca",-0.266999494,1.67303820153245
0,1.34556699,0.4890302,0.525951038,0.0260357,-0.793809048,"Rainfed","Estaca",0.142674207,1.61324739187069
0,1.163407609,0.490428762,0.536202184,0.16687599,-0.793809048,"Rainfed","Estaca",-0.344057166,-0.64861584796573
0,1.34556699,0.4890302,0.525951038,0.0260357,-0.793809048,"Rainfed","Estaca",-0.326499722,1.0456009645575
1,1.34556699,0.4890302,0.525951038,0.0260357,-0.793809048,"Rainfed","Vivero",0.320199477,0.31335425217927
0,1.34556699,0.4890302,0.525951038,0.0260357,-0.793809048,"Rainfed","Estaca",-0.193843476,2.00498858014622
0,1.184382462,0.096716746,0.79337744,0.074704286,-0.793809048,"Rainfed","Estaca",-0.253343704,0.0619660243619936
0,0.527732626,0.490352815,0.147397421,0.625941645,-0.793809048,"Rainfed","Estaca",-0.199695957,0.301545065678291
0,0.918242528,0.261727268,0.516538098,0.171056929,-0.793809048,"Rainfed","Estaca",-0.20847468,0.449114860381979
1,1.521847554,-0.07982999,0.939178068,-0.309447799,-0.793809048,"Rainfed","Estaca",-0.136294075,-0.368680217714086
0,1.098302064,0.190190041,0.734821301,0.206134405,-0.793809048,"Rainfed","Estaca",-0.281630697,-0.466051371929673
1,0.589938718,0.490352815,0.094551165,0.305484782,-0.793809048,"Rainfed","Estaca",-0.142146557,0.504825612668158
0,1.372714379,0.191572176,0.978098947,0.401353348,-0.793809048,"Rainfed","Estaca",-0.247491222,0.0804678229093182
1,1.146997463,0.261727268,0.782278994,0.400173568,-0.793809048,"Rainfed","Estaca",-0.1021546,0.71914987904809
0,1.449600963,0.033101722,1.017840227,-0.067711419,-0.793809048,"Rainfed","Estaca",-0.183113927,0.186677263558811
0,1.449600963,0.033101722,1.017840227,-0.067711419,-0.793809048,"Rainfed","Vivero",-0.330401376,-0.590363646779631
0,1.449600963,0.033101722,1.017840227,-0.067711419,-0.793809048,"Rainfed","Estaca",-0.314794759,0.350623746287926
0,1.594333945,0.033101722,1.074454508,-0.215053813,-0.793809048,"Rainfed","Estaca",-0.278704457,0.657378753709319
1,1.449600963,0.033101722,1.017840227,-0.067711419,-0.793809048,"Rainfed","Vivero",0.526011741,-0.0739140434865081
1,0.569174069,0.486229586,0.407166305,0.49081455,-0.793809048,"Rainfed","Vivero",-0.203597612,1.67344263519934
0,0.961332504,0.034941067,0.654340704,0.076239127,-0.793809048,"Rainfed","Vivero",-0.112884149,0.858576575556001
0,1.136359453,0.261727268,0.700873378,0.206031911,-0.793809048,"Rainfed","Estaca",0.110485559,1.12311231931371
0,1.136359453,0.261727268,0.700873378,0.206031911,-0.793809048,"Rainfed","Estaca",-0.329425963,0.261909344360758
1,0.614982875,0.279282431,0.522924638,0.440917389,-0.793809048,"Rainfed","Vivero",-0.089474224,-0.00766112246062098
0,1.814960237,0.016401279,1.041725396,-0.404207619,-0.793809048,"Rainfed","Estaca",-0.329425963,1.08342446971245
0,1.31704791,0.212045497,0.794016127,-0.051692595,-0.793809048,"Rainfed","Estaca",-0.27675363,-0.0600973847029878
0,1.136359453,0.261727268,0.700873378,0.206031911,-0.793809048,"Rainfed","Estaca",-0.261147012,0.37886304807557
0,1.136359453,0.261727268,0.700873378,0.206031911,-0.793809048,"Rainfed","Estaca",-0.247491222,-0.0418409533247052
0,1.136359453,0.261727268,0.700873378,0.206031911,-0.793809048,"Rainfed","Estaca",-0.058260989,0.663421531209121
0,1.31704791,0.212045497,0.794016127,-0.051692595,-0.793809048,"Rainfed","Estaca",-0.277729043,0.206024627110719
1,1.136359453,0.261727268,0.700873378,0.206031911,-0.793809048,"Rainfed","Estaca",-0.257245358,0.339287399578869
0,1.136359453,0.261727268,0.700873378,0.206031911,-0.793809048,"Rainfed","Estaca",-0.242614155,0.938966476450167
0,1.032706381,0.195160315,0.744445526,0.226696473,-0.793809048,"Rainfed","Estaca",-0.2387125,0.626544119413848
0,1.498587935,-0.03247523,0.934767623,-0.243067846,-0.793809048,"Rainfed","Estaca",-0.236761673,1.92965635211347
0,1.671356564,0.347874889,0.699768109,-0.238360058,-0.793809048,"Rainfed","Estaca",-0.256269945,2.72738506644553
0,1.492842192,0.042909226,1.01929756,0.303068504,-0.793809048,"Rainfed","Estaca",-0.253343704,0.946336933640765
0,1.772119879,0.230983033,0.899634249,-0.253463864,-0.793809048,"Rainfed","Estaca",-0.258220772,-0.667535637178657
0,1.35117939,0.174362166,0.869496205,0.297536299,-0.793809048,"Rainfed","Estaca",-0.205548439,0.219202012445982
0,1.400592671,0.04675026,0.921963603,0.293048358,-0.793809048,"Rainfed","Estaca",-0.166531896,0.0814546901320914
0,1.184382462,0.096716746,0.79337744,0.074704286,-0.793809048,"Rainfed","Estaca",-0.096887367,0.100786727687836
1,1.023593368,0.468482579,0.395656769,-0.100964249,-0.793809048,"Rainfed","Estaca",-0.08849881,1.22461165209341
0,1.533667761,0.052515719,0.575932115,-0.378473954,-0.793809048,"Rainfed","Estaca",-0.233835432,2.09180964861701
0,1.533667761,0.052515719,0.575932115,-0.378473954,-0.793809048,"Rainfed","Estaca",-0.298212728,1.49079340798367
0,1.533667761,0.052515719,0.575932115,-0.378473954,-0.793809048,"Rainfed","Estaca",-0.298212728,0.95187217888405
0,1.533667761,0.052515719,0.575932115,-0.378473954,-0.793809048,"Rainfed","Estaca",-0.339180098,1.7752330022069
0,0.90534271,0.380644044,0.623388241,0.368215073,-0.793809048,"Rainfed","Estaca",-0.321622654,0.515825485370207
0,1.231326477,0.161063007,0.609721397,-0.024776197,-0.793809048,"Rainfed","Estaca",-0.271876562,0.332570897566135
0,0.90534271,0.380644044,0.623388241,0.368215073,-0.793809048,"Rainfed","Estaca",-0.336253858,0.286022932122845
0,1.141797392,0.264346925,0.614240248,0.16285416,-0.793809048,"Rainfed","Estaca",-0.283581525,0.30251771178368
0,0.871932177,0.453478115,0.632360832,0.406352294,-0.793809048,"Rainfed","Estaca",-0.309917691,0.718598776880694
0,0.327001812,0.511092152,0.254004726,0.581090446,-0.793809048,"Rainfed","Estaca",-0.174335205,0.3381700935172
0,0.871932177,0.453478115,0.632360832,0.406352294,-0.793809048,"Rainfed","Estaca",-0.336253858,1.24989080704145
0,0.812155221,0.462128137,0.752948977,0.367498105,-0.793809048,"Irrigated","Estaca",-0.273827389,-0.221396419129936
1,0.614982875,0.279282431,0.522924638,0.440917389,-0.793809048,"Irrigated","Estaca",-0.219204229,0.0711725556201352
0,1.101091105,0.480970601,0.688963358,0.424686537,-0.793809048,"Rainfed","Estaca",0.114387213,0.857695439406087
1,1.220020477,0.033101722,0.882856038,0.028912826,-0.793809048,"Rainfed","Vivero",-0.309917691,0.377508278832914
0,1.37517976,0.016281647,0.977898455,-0.035011098,-0.793809048,"Rainfed","Estaca",0.765963479,-0.135571149496487
1,1.37517976,0.016281647,0.977898455,-0.035011098,-0.793809048,"Irrigated","Estaca",1.054685897,0.0801464756145228
0,1.141797392,0.264346925,0.614240248,0.16285416,-0.793809048,"Rainfed","Vivero",-0.27967987,1.72621066077838
0,2.115048511,-0.368932943,0.961897255,-1.023123748,-0.793809048,"Rainfed","Vivero",-0.189941822,0.933799219298426
0,0.393323887,0.425029469,0.420896413,0.52048092,-0.793809048,"Rainfed","Estaca",-0.192868062,2.44591059485832
0,0.90534271,0.380644044,0.623388241,0.368215073,-0.793809048,"Rainfed","Estaca",-0.231884605,0.00681883051051957
0,0.90534271,0.380644044,0.623388241,0.368215073,-0.793809048,"Rainfed","Estaca",-0.280655284,0.687585575837283
0,0.483362168,0.48134889,0.383294747,0.581090446,-0.793809048,"Rainfed","Vivero",-0.306016037,-0.561692199526392
0,0.838641406,0.491100393,0.415882153,0.3126869,-0.793809048,"Rainfed","Vivero",-0.155802347,-0.0863839873000362
0,1.157572304,0.119322578,0.671020808,0.081659525,-0.793809048,"Rainfed","Estaca",-0.303089796,1.90835505307589
0,1.157572304,0.119322578,0.671020808,0.081659525,-0.793809048,"Rainfed","Estaca",-0.248466636,0.933738467221098
0,1.157572304,0.119322578,0.671020808,0.081659525,-0.793809048,"Rainfed","Estaca",-0.32064724,0.798438116672795
0,0.424964012,0.320806215,0.295709454,0.58510447,-0.793809048,"Rainfed","Vivero",-0.26309784,0.148750124816999
0,1.288234982,0.09367175,0.994882819,0.081300777,-0.793809048,"Rainfed","Vivero",-0.318696413,-0.175271306446272
0,1.288234982,0.09367175,0.994882819,0.081300777,-0.793809048,"Rainfed","Vivero",-0.212376334,-0.149655351702754
0,1.284256265,0.116995667,0.644713773,-0.055865192,-0.793809048,"Rainfed","Vivero",-0.164581069,0.158489141178628
0,1.722569174,-0.117377944,0.997063817,-0.363737044,-0.793809048,"Rainfed","Vivero",-0.253246163,-0.360391293217772
0,1.722569174,-0.117377944,0.997063817,-0.363737044,-0.793809048,"Rainfed","Estaca",-0.076793847,-0.109497405636917
0,1.493737658,0.207099441,0.878434965,-0.012500367,-0.793809048,"Rainfed","Estaca",-0.341130925,0.117392365371654
0,1.493737658,0.207099441,0.878434965,-0.012500367,-0.793809048,"Rainfed","Estaca",-0.338204685,0.0254941436743097
0,1.722569174,-0.117377944,0.997063817,-0.363737044,-0.793809048,"Rainfed","Estaca",-0.29333566,0.106886713350637
0,1.157572304,0.119322578,0.671020808,0.081659525,-0.793809048,"Rainfed","Vivero",-0.259196185,-0.332109611657542
0,1.023593368,0.468482579,0.395656769,-0.100964249,-0.793809048,"Rainfed","Estaca",-0.247491222,0.20841538915116
0,1.194277379,0.27156973,0.586659388,-0.008238405,-0.793809048,"Rainfed","Estaca",-0.173359791,0.882285422072913
0,1.666771764,0.260877817,0.924785544,-0.097608421,-0.793809048,"Rainfed","Estaca",-0.339180098,1.475125862413
0,0.767566527,0.3937523,0.643297768,0.654946281,-0.793809048,"Rainfed","Estaca",-0.237737087,0.580256650752386
0,1.666771764,0.260877817,0.924785544,-0.097608421,-0.793809048,"Rainfed","Estaca",-0.312843932,0.12891345261536
0,0.767566527,0.3937523,0.643297768,0.654946281,-0.793809048,"Rainfed","Estaca",-0.226032124,0.695960882430253
0,0.772924197,0.405936943,0.530826137,0.552379843,-0.793809048,"Rainfed","Estaca",-0.303089796,0.486157255732301
0,0.767566527,0.3937523,0.643297768,0.654946281,-0.793809048,"Rainfed","Estaca",-0.292360247,0.217961090790345
0,1.814132934,0.004342958,1.077972673,-0.433019347,-0.793809048,"Rainfed","Estaca",-0.274802802,0.221173339210112
0,1.231326477,0.161063007,0.609721397,-0.024776197,-0.793809048,"Rainfed","Estaca",-0.15677776,0.0600257935513188
0,1.333693639,0.170606568,0.702072699,-0.145006091,-0.793809048,"Rainfed","Estaca",-0.264073253,0.605361944204465
0,1.231326477,0.161063007,0.609721397,-0.024776197,-0.793809048,"Rainfed","Estaca",-0.182138513,0.105226154796364
0,1.470487102,-1.113384948,1.72419584,-0.475596141,-0.793809048,"Rainfed","Estaca",-0.325524308,-0.505635637160339
0,1.702770634,-1.095387081,1.593747124,-0.712730923,-0.793809048,"Irrigated","Estaca",-0.096302119,-0.444800125566034
0,0.941521126,-0.760901251,1.509427113,0.235257739,-0.793809048,"Rainfed","Vivero",0.548446253,-0.628473636276831
0,1.364614773,-0.906100124,1.626364936,-0.154783486,-0.793809048,"Irrigated","Vivero",-0.265048667,-1.46255633658062
0,1.593523522,-1.110026011,1.643226661,-0.711205284,-0.793809048,"Irrigated","Estaca",-0.171408964,-0.84124141659901
0,1.232004357,-1.011136547,1.615882389,-0.105185443,-0.793809048,"Irrigated","Vivero",-0.021195274,-0.270770861094375
0,1.652274964,-1.200171416,1.719770254,-0.747307712,-0.793809048,"Rainfed","Estaca",-0.073867607,0.0969447065263801
1,0.595284644,-0.094585497,1.375845901,1.169595591,-0.958642863,"Irrigated","Vivero",0.041231195,-1.35308064534478
1,0.834763418,-0.298893836,1.408478629,0.921381763,-0.793809048,"Rainfed","Vivero",-0.201646785,2.02445874779735
0,0.813580537,-0.321134919,1.390839643,0.941895768,-0.793809048,"Rainfed","Vivero",-0.34795882,2.86222705912846
0,0.813580537,-0.321134919,1.390839643,0.941895768,-0.793809048,"Rainfed","Vivero",-0.313819345,2.02476951134123
0,0.834763418,-0.298893836,1.408478629,0.921381763,-0.793809048,"Rainfed","Vivero",-0.207499266,1.67482644796055
0,0.834763418,-0.298893836,1.408478629,0.921381763,-0.793809048,"Rainfed","Vivero",-0.231884605,1.71457531580644
1,2.048129095,-0.724679055,1.49551486,-0.882681334,-0.793809048,"Rainfed","Vivero",-0.142146557,2.40017584589678
0,1.82405005,-0.644617595,1.432132439,-0.543853399,-0.793809048,"Rainfed","Vivero",-0.028998582,1.40503678582233
1,0.774889735,-0.336059943,1.426803691,0.849635024,-0.793809048,"Rainfed","Estaca",-0.212473875,1.36398846155556
1,0.515476076,-0.420518075,1.413959886,1.092532381,-0.793809048,"Rainfed","Vivero",-0.219204229,-0.358676712137457
0,0.236798602,-0.943099911,1.034483305,-0.034365931,-0.793809048,"Rainfed","Vivero",-0.082646329,0.0656715021096601
1,-3.332310435,1.576915324,-5.377674457,-2.27773421,1.41930283,"Irrigated","Vivero",-0.319671827,-1.48483488013034
0,-3.37263144,1.449569432,-5.484377812,-2.339918812,1.41930283,"Rainfed","Vivero",-0.326499722,-1.40777787482561
0,-0.905560965,-1.116688523,-0.865968963,-2.078074954,1.41930283,"Irrigated","Vivero",0.125116762,1.53382996570332
1,-1.702979425,-0.879609401,-1.5406044,-1.791622411,1.345212428,"Irrigated","Vivero",0.322150304,1.82747269566247
0,-0.647772107,-0.249052072,-1.002114648,-1.707924256,1.41930283,"Rainfed","Estaca",-0.261147012,2.66064232473074
1,-2.726887027,0.489088646,-3.123232248,-1.320132351,1.41930283,"Irrigated","Vivero",-0.27675363,-0.889132630244751
1,-2.735423995,0.394104063,-3.087915673,-1.308764811,1.41930283,"Irrigated","Vivero",-0.302114383,-1.30239422703193
0,-2.735423995,0.394104063,-3.087915673,-1.308764811,1.41930283,"Irrigated","Vivero",-0.335278444,-1.24041129866378
0,-2.735423995,0.394104063,-3.087915673,-1.308764811,1.41930283,"Irrigated","Vivero",-0.338204685,-1.28626015331937
0,-0.647772107,-0.249052072,-1.002114648,-1.707924256,1.41930283,"Rainfed","Estaca",-0.296261901,1.81904692787554
1,-1.932161357,0.080599488,-1.873501668,-0.953745647,1.41930283,"Irrigated","Vivero",-0.277924126,1.81396570168694
0,-0.056356306,0.023750407,-0.366544869,-0.725946055,1.41930283,"Irrigated","Estaca",0.071469016,-1.32439970876015
0,0.298827587,-0.17677451,-0.320994715,-1.034791611,1.41930283,"Rainfed","Estaca",-0.339180098,0.454485102550532
0,-0.975703617,0.147517084,-0.613397065,0.136249857,1.41930283,"Irrigated","Estaca",-0.338204685,-0.557415963423471
0,-0.541748097,0.067640902,-0.486760884,-0.231864953,1.41930283,"Rainfed","Vivero",-0.16750731,-1.60609207559923
0,-0.638864688,-0.195523825,0.568453962,1.506274574,0.574398487,"Rainfed","Vivero",-0.215302575,-0.212779725825327
0,-0.638864688,-0.195523825,0.568453962,1.506274574,0.574398487,"Rainfed","Estaca",-0.321134947,0.59952041598949
0,-0.573386866,-0.195523825,0.616421532,1.413738095,-0.676262574,"Rainfed","Estaca",-0.292360247,-0.364957592509437
0,-0.270142182,0.117258043,0.54686172,0.984233205,-0.793809048,"Rainfed","Estaca",-0.291384833,-0.445296857504279
0,-0.151171527,0.10828735,0.531666505,0.89038794,-0.793809048,"Rainfed","Estaca",-0.330401376,-0.310087992902049
0,-0.664145834,-0.018927345,0.330523441,1.094205543,-0.793809048,"Irrigated","Estaca",0.870332732,0.10653933953804
0,-1.14384143,0.261727268,-0.022487569,1.14047742,-0.793809048,"Irrigated","Estaca",1.323900043,0.523579979744457
0,-0.664145834,-0.018927345,0.330523441,1.094205543,-0.793809048,"Irrigated","Estaca",8.550739201,0.317042927869051
0,-0.866580713,-0.056341012,0.263931635,1.14047742,-0.793809048,"Irrigated","Estaca",0.260699249,-0.114648384499501
0,-0.664145834,-0.018927345,0.330523441,1.094205543,-0.793809048,"Irrigated","Estaca",0.770840547,0.0849065662323924
0,0.126570082,-0.537960204,1.191360498,0.723383899,-0.793809048,"Irrigated","Estaca",-0.173359791,2.39023941416776
0,0.303468968,-0.928714249,1.196507705,0.402488367,-0.793809048,"Irrigated","Estaca",0.191444885,-0.226732444632338
0,-0.00873736,-0.540734183,1.068142147,0.929317534,-0.793809048,"Irrigated","Estaca",-0.301138969,-0.803982418784996
0,0.732682987,-1.110026011,1.256996361,-0.158575868,-0.793809048,"Irrigated","Estaca",0.058788639,0.49411585466451
0,-0.002050655,-0.539986211,1.129453623,0.929775056,-0.793809048,"Rainfed","Estaca",-0.052408508,-0.332126388176087
0,0.708956503,-1.05107959,1.369780901,-0.161383043,-0.793809048,"Rainfed","Estaca",0.674274604,-0.5457226190548
1,-0.112913819,-0.538896397,1.094830985,1.239802178,-0.793809048,"Rainfed","Vivero",0.214854811,0.524316486277274
1,0.52108005,-0.994975979,1.280825281,0.117214995,-0.793809048,"Rainfed","Estaca",1.510204035,-0.218555440423386
1,0.633370579,-0.93993651,1.180814463,-0.114603634,-0.793809048,"Irrigated","Estaca",0.48211813,-0.160695834871754
0,-0.535612805,0.947347939,-1.045356359,-0.115122486,1.371498113,"Rainfed","Estaca",-0.346983407,0.725970236062124
0,-0.183179856,1.109164358,-1.268798084,-0.318247158,-0.745867111,"Rainfed","Estaca",-0.142146557,-0.809146898999806
0,-0.489847743,1.387097519,-1.416888903,-0.268851993,-0.699084181,"Irrigated","Estaca",-0.302114383,-1.01582349320371
0,-0.27183832,1.192692067,-1.294542088,-0.387766829,-0.681127043,"Irrigated","Estaca",0.043182022,-0.348933902490521
0,0.096540884,0.718978361,-0.783669259,-0.397605506,1.41930283,"Rainfed","Estaca",-0.315770173,1.17414457404073
0,-0.572777781,0.718978361,-0.887889623,-0.11814327,1.41930283,"Rainfed","Estaca",-0.189941822,0.103434945754392
0,-0.572777781,0.718978361,-0.887889623,-0.11814327,1.41930283,"Rainfed","Estaca",-0.192868062,0.488588879609837
0,-0.572777781,0.718978361,-0.887889623,-0.11814327,1.41930283,"Rainfed","Estaca",0.078296911,-0.246650856247682
0,-0.572777781,0.718978361,-0.887889623,-0.11814327,1.41930283,"Rainfed","Estaca",-0.192868062,-0.761476418758351
0,-0.547160194,0.756968952,-0.91843099,-0.117255915,1.405260194,"Rainfed","Estaca",-0.023146101,-0.30380027568277
0,-0.572777781,0.718978361,-0.887889623,-0.11814327,1.41930283,"Rainfed","Estaca",-0.042654372,-0.669054709526822
0,-0.207920897,0.947444005,-0.961053092,-0.259720849,0.26468451,"Rainfed","Estaca",-0.227495244,-0.955010018318903
0,-0.178534921,0.946565486,-0.930570194,-0.316519699,0.132438777,"Rainfed","Estaca",-0.199695957,-0.789425249670108
0,-0.04998864,0.721144748,-0.76739879,-0.396782827,1.41930283,"Rainfed","Estaca",-0.284556938,-1.51279420704427
0,-0.21176414,0.82401016,-1.048436729,-0.398789081,0.188968587,"Rainfed","Vivero",-0.265048667,0.0491666476207126
0,-0.27183832,1.192692067,-1.294542088,-0.387766829,-0.681127043,"Rainfed","Vivero",-0.286507765,1.98459110737857
0,0.171399349,0.719064894,-0.683146171,-0.537742086,1.41930283,"Rainfed","Vivero",-0.202622198,0.579069364074361
0,0.514882783,0.558506655,-0.525615689,-0.962875949,1.41930283,"Rainfed","Vivero",-0.113859563,0.483469557601752
0,0.514882783,0.558506655,-0.525615689,-0.962875949,1.41930283,"Rainfed","Vivero",0.650864678,0.22410017798805
0,-0.926525452,-0.336472638,-1.134130705,-1.55674628,1.41930283,"Rainfed","Estaca",-0.285532352,2.19094431569988
1,-1.17266316,-0.763051064,-1.473348494,-2.428322875,1.41930283,"Rainfed","Estaca",-0.343081753,0.874823814817575
0,-0.026278277,0.272900759,-0.323989009,-0.474749263,1.41930283,"Irrigated","Estaca",-0.337229271,0.315694668319096
0,-0.026278277,0.272900759,-0.323989009,-0.474749263,1.41930283,"Irrigated","Vivero",-0.340155512,0.131754970913861
0,-0.133093117,0.351673872,-0.370021879,-0.362027384,1.41930283,"Irrigated","Estaca",-0.341130925,-0.743542442433491
0,-0.026278277,0.272900759,-0.323989009,-0.474749263,1.41930283,"Irrigated","Vivero",-0.30699145,-0.860506133152723
0,-0.770387514,0.244610088,-0.418684674,0.144564711,1.41930283,"Irrigated","Vivero",-0.193843476,-1.60609207559923
0,-0.770387514,0.244610088,-0.418684674,0.144564711,1.41930283,"Irrigated","Vivero",-0.262122426,-1.60609207559923
0,-0.770387514,0.244610088,-0.418684674,0.144564711,1.41930283,"Irrigated","Vivero",-0.114834977,-1.59757401255732
0,-0.770387514,0.244610088,-0.418684674,0.144564711,1.41930283,"Irrigated","Vivero",-0.24944205,-1.60609207559923
0,-0.026278277,0.272900759,-0.323989009,-0.474749263,1.41930283,"Rainfed","Estaca",-0.268950321,1.37900097362146
0,-0.026278277,0.272900759,-0.323989009,-0.474749263,1.41930283,"Rainfed","Estaca",-0.308942278,-0.528160019447922
0,0.544724797,0.078511545,-0.219751051,-0.823268354,1.41930283,"Irrigated","Estaca",0.802053782,-0.416688688904791
0,-0.264838876,0.451453868,-0.401968636,-0.254177599,1.41930283,"Irrigated","Estaca",-0.337229271,-1.60609207559923
0,-0.450994625,0.898287587,-0.640734959,0.306269757,-0.793809048,"Rainfed","Estaca",-0.052408508,-0.167296331006396
0,0.262639319,1.1288828,-0.71143254,0.393315452,-0.767768299,"Rainfed","Estaca",-0.193843476,0.53177787769509
0,0.156118673,1.327433091,-0.816149795,0.41886781,-0.793809048,"Rainfed","Estaca",-0.308942278,1.22314183689077
0,-1.183170114,-2.026479747,-0.1443188,-0.959611197,0.533632535,"Irrigated","Estaca",-0.319671827,-0.70435377602191
1,-1.452089339,-1.847032908,-0.165030717,-0.708805839,-0.793809048,"Irrigated","Estaca",-0.345325204,-1.29121342254597
